{"activityLevel":0,"activityList":[{"activeTime":5740000,"calorie":292.54504,"distance":6111.209,"type":1001},{"activeTime":3119317,"calorie":195.18987,"distance":3853.279,"type":-1}],"age":63,"gender":"M","height":170.0,"stepCount":13817,"weight":80.2}