{"activityLevel":0,"activityList":[{"activeTime":2114000,"calorie":113.41016,"distance":2483.586,"type":1001},{"activeTime":2321444,"calorie":137.06302,"distance":2755.4033,"type":-1}],"age":63,"gender":"M","height":170.0,"stepCount":6697,"weight":80.2}