{"activityLevel":0,"activityList":[{"activeTime":2540000,"calorie":129.73529,"distance":2842.3242,"type":1001},{"activeTime":1940606,"calorie":96.398026,"distance":2338.3113,"type":-1}],"age":63,"gender":"M","height":170.0,"stepCount":6653,"weight":46.0}