{"activityLevel":0,"activityList":[{"activeTime":1497000,"calorie":125.89,"distance":0.0,"type":0},{"activeTime":3610000,"calorie":220.33911,"distance":4956.6924,"type":1001},{"activeTime":2688297,"calorie":135.71648,"distance":3291.3477,"type":-1}],"age":63,"gender":"M","height":170.0,"stepCount":11014,"weight":46.0}