{"activityLevel":0,"activityList":[{"activeTime":2712000,"calorie":123.060425,"distance":2667.418,"type":1001},{"activeTime":3457251,"calorie":231.11028,"distance":4392.797,"type":-1}],"age":64,"gender":"M","height":170.0,"stepCount":9203,"weight":65.0}