{"activityLevel":0,"activityList":[{"activeTime":727000,"calorie":34.521973,"distance":743.89844,"type":1001},{"activeTime":2957810,"calorie":187.1121,"distance":3650.3298,"type":-1}],"age":64,"gender":"M","height":170.0,"stepCount":5736,"weight":65.0}