{"activityLevel":0,"activityList":[{"activeTime":1486000,"calorie":73.05229,"distance":1601.9617,"type":1001},{"activeTime":3626289,"calorie":236.46451,"distance":4595.3325,"type":-1}],"age":64,"gender":"M","height":170.0,"stepCount":8074,"weight":65.0}