{"activityLevel":0,"activityList":[{"activeTime":2814000,"calorie":132.53247,"distance":2906.5156,"type":1001},{"activeTime":4386048,"calorie":289.99823,"distance":5630.4766,"type":-1}],"age":64,"gender":"M","height":170.0,"stepCount":11189,"weight":65.0}