{"activityLevel":0,"activityList":[{"activeTime":1709000,"calorie":75.29372,"distance":1624.3064,"type":1001},{"activeTime":2758182,"calorie":191.47159,"distance":3787.373,"type":-1}],"age":64,"gender":"M","height":170.0,"stepCount":7141,"weight":65.0}