{"activityLevel":0,"activityList":[{"activeTime":2454000,"calorie":103.90668,"distance":2207.1875,"type":1001},{"activeTime":3064441,"calorie":202.62941,"distance":3976.7646,"type":-1}],"age":64,"gender":"M","height":170.0,"stepCount":8413,"weight":65.0}