{"activityLevel":0,"activityList":[{"activeTime":1079000,"calorie":41.816036,"distance":970.80786,"type":1001},{"activeTime":11000,"calorie":0.053392433,"distance":0.0,"type":1002},{"activeTime":1676953,"calorie":113.24549,"distance":2292.0825,"type":-1}],"age":64,"gender":"M","height":170.0,"stepCount":4532,"weight":65.0}