{"activityLevel":0,"activityList":[{"activeTime":1572000,"calorie":67.54578,"distance":1446.3457,"type":1001},{"activeTime":2160735,"calorie":146.23955,"distance":2846.2515,"type":-1}],"age":64,"gender":"M","height":170.0,"stepCount":5754,"weight":65.0}