{"activityLevel":0,"activityList":[{"activeTime":1700000,"calorie":71.98639,"distance":1549.1335,"type":1001},{"activeTime":3792765,"calorie":235.65146,"distance":4814.385,"type":-1}],"age":64,"gender":"M","height":170.0,"stepCount":8585,"weight":65.0}