{"activityLevel":0,"activityList":[{"activeTime":2377000,"calorie":126.42102,"distance":2773.6133,"type":1001},{"activeTime":2294351,"calorie":114.67696,"distance":2840.7012,"type":-1}],"age":63,"gender":"M","height":170.0,"stepCount":7179,"weight":46.0}