{"activityLevel":0,"activityList":[{"activeTime":2782000,"calorie":177.51715,"distance":4040.0786,"type":1001},{"activeTime":1899058,"calorie":93.694466,"distance":2322.9792,"type":-1}],"age":63,"gender":"M","height":170.0,"stepCount":8227,"weight":46.0}