{"activityLevel":0,"activityList":[{"activeTime":1484000,"calorie":85.35449,"distance":1901.7617,"type":1001},{"activeTime":3430290,"calorie":175.60162,"distance":4161.972,"type":-1}],"age":63,"gender":"M","height":170.0,"stepCount":7773,"weight":46.0}