{"activityLevel":0,"activityList":[{"activeTime":2368000,"calorie":134.20065,"distance":2937.336,"type":1001},{"activeTime":81000,"calorie":0.39002815,"distance":1.1406969,"type":1002},{"activeTime":675000,"calorie":51.78,"distance":0.0,"type":0},{"activeTime":2636125,"calorie":123.40449,"distance":3208.218,"type":-1}],"age":63,"gender":"M","height":170.0,"stepCount":8098,"weight":46.0}