{"activityLevel":0,"activityList":[{"activeTime":1025000,"calorie":50.549194,"distance":1136.2188,"type":1001},{"activeTime":5248008,"calorie":323.83704,"distance":6265.6206,"type":-1}],"age":60,"gender":"M","height":170.0,"stepCount":9653,"weight":83.6}