{"activityLevel":0,"activityList":[{"activeTime":2388000,"calorie":138.52686,"distance":3114.1953,"type":1001},{"activeTime":1982892,"calorie":119.68998,"distance":2467.7744,"type":-1}],"age":59,"gender":"M","height":170.0,"stepCount":7596,"weight":83.6}