{"activityLevel":180002,"activityList":[{"activeTime":715000,"calorie":36.030396,"distance":683.6997,"type":1001},{"activeTime":4162713,"calorie":265.73538,"distance":4875.422,"type":-1}],"age":59,"gender":"M","height":175.0,"stepCount":7367,"weight":74.0}