{"activityLevel":0,"activityList":[{"activeTime":2596000,"calorie":122.34424,"distance":2699.163,"type":1001},{"activeTime":1894564,"calorie":114.73329,"distance":2319.812,"type":-1}],"age":64,"gender":"M","height":170.0,"stepCount":7043,"weight":65.0}