{"activityLevel":0,"activityList":[{"activeTime":1057000,"calorie":46.345932,"distance":1013.40466,"type":1001},{"activeTime":2483635,"calorie":155.93779,"distance":3100.5781,"type":-1}],"age":64,"gender":"M","height":170.0,"stepCount":5564,"weight":65.0}