{"activityLevel":0,"activityList":[{"activeTime":3175000,"calorie":157.36877,"distance":3407.0044,"type":1001},{"activeTime":1143733,"calorie":71.17641,"distance":1407.2239,"type":-1}],"age":64,"gender":"M","height":170.0,"stepCount":6504,"weight":65.0}