{"activityLevel":0,"activityList":[{"activeTime":6993382,"calorie":498.28003,"distance":9673.509,"type":1001},{"activeTime":1789216,"calorie":122.86429,"distance":2411.9514,"type":-1}],"age":29,"gender":"M","height":170.0,"stepCount":15171,"weight":65.0}