{"activityLevel":180004,"activityList":[{"activeTime":7571166,"calorie":445.66998,"distance":10321.32,"type":1001},{"activeTime":2286327,"calorie":144.02963,"distance":2779.847,"type":-1}],"age":30,"gender":"M","height":170.0,"stepCount":16973,"weight":65.0}