{"activityLevel":180004,"activityList":[{"activeTime":5810533,"calorie":378.78998,"distance":7459.77,"type":1001},{"activeTime":5609305,"calorie":350.21805,"distance":6744.856,"type":-1}],"age":29,"gender":"M","height":170.0,"stepCount":18729,"weight":65.0}