{"activityLevel":0,"activityList":[{"activeTime":6227329,"calorie":428.71997,"distance":8192.45,"type":1001},{"activeTime":2168171,"calorie":141.17596,"distance":2629.0078,"type":-1}],"age":29,"gender":"M","height":170.0,"stepCount":14076,"weight":65.0}