{"activityLevel":180004,"activityList":[{"activeTime":5239801,"calorie":347.00998,"distance":6395.36,"type":1001},{"activeTime":3706936,"calorie":234.36064,"distance":4307.0747,"type":-1}],"age":70,"gender":"M","height":170.0,"stepCount":14511,"weight":65.0}