{"activityLevel":180004,"activityList":[{"activeTime":4668108,"calorie":321.16998,"distance":6201.45,"type":1001},{"activeTime":1088669,"calorie":69.27847,"distance":1335.2214,"type":-1}],"age":31,"gender":"M","height":170.0,"stepCount":9784,"weight":65.0}