{"activityLevel":180004,"activityList":[{"activeTime":7372460,"calorie":467.61996,"distance":9824.359,"type":1001},{"activeTime":574288,"calorie":38.087154,"distance":718.42883,"type":-1}],"age":30,"gender":"M","height":170.0,"stepCount":13667,"weight":65.0}