{"activityLevel":180004,"activityList":[{"activeTime":7171367,"calorie":471.88998,"distance":9194.09,"type":1001},{"activeTime":783909,"calorie":51.034313,"distance":924.5617,"type":-1}],"age":30,"gender":"M","height":170.0,"stepCount":13332,"weight":65.0}