{"activityLevel":180004,"activityList":[{"activeTime":10546897,"calorie":648.26996,"distance":14269.648,"type":1001},{"activeTime":1590319,"calorie":91.80781,"distance":2031.9061,"type":-1}],"age":29,"gender":"M","height":170.0,"stepCount":21193,"weight":65.0}