{"activityLevel":180004,"activityList":[{"activeTime":6638866,"calorie":433.40997,"distance":8760.409,"type":1001},{"activeTime":5765179,"calorie":375.60886,"distance":7991.9243,"type":-1}],"age":29,"gender":"M","height":170.0,"stepCount":20479,"weight":65.0}