{"activityLevel":0,"activityList":[{"activeTime":2827000,"calorie":135.59753,"distance":2853.539,"type":1001},{"activeTime":2157630,"calorie":141.10634,"distance":2464.124,"type":-1}],"age":63,"gender":"M","height":170.0,"stepCount":7400,"weight":80.2}