{"activityLevel":0,"activityList":[{"activeTime":991000,"calorie":39.401733,"distance":834.5864,"type":1001},{"activeTime":3699578,"calorie":224.97168,"distance":4292.9507,"type":-1}],"age":63,"gender":"M","height":170.0,"stepCount":6847,"weight":80.2}