{"activityLevel":0,"activityList":[{"activeTime":5922000,"calorie":306.92896,"distance":6334.211,"type":1001},{"activeTime":1592136,"calorie":100.638535,"distance":1988.6903,"type":-1}],"age":63,"gender":"M","height":170.0,"stepCount":12303,"weight":80.2}