{"activityLevel":180002,"activityList":[{"activeTime":6163000,"calorie":472.0592,"distance":0.0,"type":0},{"activeTime":163000,"calorie":6.0147786,"distance":244.30579,"type":1002},{"activeTime":1313000,"calorie":76.49243,"distance":1168.6279,"type":1001},{"activeTime":9275231,"calorie":577.16156,"distance":10528.012,"type":-1}],"age":59,"gender":"M","height":175.0,"stepCount":15905,"weight":74.0}