{"activityLevel":0,"activityList":[{"activeTime":1849000,"calorie":112.636024,"distance":2496.129,"type":1001},{"activeTime":3006821,"calorie":211.54128,"distance":3902.153,"type":-1}],"age":59,"gender":"M","height":170.0,"stepCount":8135,"weight":84.6}