{"activityLevel":0,"activityList":[{"activeTime":2753000,"calorie":183.21338,"distance":4159.535,"type":1001},{"activeTime":2271971,"calorie":117.462555,"distance":2785.2751,"type":-1}],"age":63,"gender":"M","height":170.0,"stepCount":8880,"weight":46.0}