{"activityLevel":0,"activityList":[{"activeTime":730388,"calorie":46.610962,"distance":1046.7578,"type":1001},{"activeTime":8165567,"calorie":463.03485,"distance":10053.207,"type":-1}],"age":30,"gender":"M","height":170.0,"stepCount":14346,"weight":65.0}