{"activityLevel":0,"activityList":[{"activeTime":2664000,"calorie":114.739136,"distance":2495.0117,"type":1001},{"activeTime":2343317,"calorie":128.01526,"distance":2743.7505,"type":-1}],"age":54,"gender":"M","height":170.0,"stepCount":6963,"weight":65.0}