{"activityLevel":0,"activityList":[{"activeTime":1977511,"calorie":112.57001,"distance":2650.04,"type":1001},{"activeTime":7919379,"calorie":478.50436,"distance":10027.855,"type":-1}],"age":30,"gender":"M","height":170.0,"stepCount":16862,"weight":65.0}