{"activityLevel":0,"activityList":[{"activeTime":1516710,"calorie":81.520004,"distance":1955.35,"type":1001},{"activeTime":5026059,"calorie":298.31714,"distance":6263.796,"type":-1}],"age":31,"gender":"M","height":170.0,"stepCount":10894,"weight":65.0}