{"activityLevel":0,"activityList":[{"activeTime":6722000,"calorie":297.55103,"distance":6572.7466,"type":1001},{"activeTime":3675000,"calorie":298.47,"distance":0.0,"type":0},{"activeTime":6361452,"calorie":322.66635,"distance":7532.2256,"type":-1}],"age":67,"gender":"M","height":170.0,"stepCount":21214,"weight":54.5}