{"activityLevel":0,"activityList":[{"activeTime":2714000,"calorie":125.11133,"distance":2788.9688,"type":1001},{"activeTime":7169130,"calorie":366.84985,"distance":8290.046,"type":-1}],"age":67,"gender":"M","height":170.0,"stepCount":15165,"weight":54.5}