{"activityLevel":0,"activityList":[{"activeTime":883000,"calorie":43.23047,"distance":1079.6328,"type":1001},{"activeTime":4211522,"calorie":221.95827,"distance":5541.4487,"type":-1}],"age":67,"gender":"M","height":170.0,"stepCount":8721,"weight":54.5}