{"activityLevel":0,"activityList":[{"activeTime":15720000,"calorie":865.31067,"distance":11523.662,"type":1001},{"activeTime":1579784,"calorie":77.04034,"distance":1859.3605,"type":-1}],"age":67,"gender":"M","height":170.0,"stepCount":14287,"weight":54.5}