{"activityLevel":0,"activityList":[{"activeTime":4761760,"calorie":352.27002,"distance":6790.9805,"type":1001},{"activeTime":8004983,"calorie":538.77594,"distance":9899.154,"type":-1}],"age":30,"gender":"M","height":170.0,"stepCount":21658,"weight":65.0}