{"activityLevel":0,"activityList":[{"activeTime":46304620,"calorie":880.00214,"distance":7453.988,"type":3001},{"activeTime":1974777,"calorie":114.709984,"distance":2287.5193,"type":-1}],"age":64,"gender":"M","height":170.0,"stepCount":5557,"weight":65.0}