{"activityLevel":0,"activityList":[{"activeTime":1601000,"calorie":118.11,"distance":0.0,"type":0},{"activeTime":2519000,"calorie":131.71893,"distance":2873.5747,"type":1001},{"activeTime":2226870,"calorie":118.410194,"distance":2732.1704,"type":-1}],"age":63,"gender":"M","height":170.0,"stepCount":7233,"weight":46.0}