{"activityLevel":0,"activityList":[{"activeTime":4494000,"calorie":260.89868,"distance":5864.3516,"type":1001},{"activeTime":2189092,"calorie":117.59029,"distance":2813.2026,"type":-1}],"age":67,"gender":"M","height":170.0,"stepCount":11503,"weight":54.5}