{"activityLevel":0,"activityList":[{"activeTime":10975347,"calorie":847.0,"distance":44816.94,"type":11007},{"activeTime":2015000,"calorie":105.32373,"distance":2371.8047,"type":1001},{"activeTime":1310252,"calorie":74.07603,"distance":1710.6284,"type":-1}],"age":67,"gender":"M","height":170.0,"stepCount":9915,"weight":54.5}