{"activityLevel":0,"activityList":[{"activeTime":12392122,"calorie":1156.0,"distance":51338.31,"type":11007},{"activeTime":1942191,"calorie":129.26,"distance":2466.2,"type":1001},{"activeTime":177409,"calorie":10.760333,"distance":205.19716,"type":-1}],"age":30,"gender":"M","height":170.0,"stepCount":10734,"weight":65.0}