{"activityLevel":0,"activityList":[{"activeTime":1731951,"calorie":80.49109,"distance":1972.3522,"type":1001},{"activeTime":1000,"calorie":0.061250005,"distance":0.0,"type":0},{"activeTime":152000,"calorie":8.104971,"distance":0.0,"type":1002},{"activeTime":4810375,"calorie":238.38545,"distance":5873.898,"type":-1}],"age":67,"gender":"M","height":170.0,"stepCount":10843,"weight":54.5}