{"activityLevel":0,"activityList":[{"activeTime":11804314,"calorie":1147.0,"distance":50027.79,"type":11007},{"activeTime":2974010,"calorie":186.84999,"distance":4030.78,"type":1001},{"activeTime":928036,"calorie":55.470764,"distance":1103.9143,"type":-1}],"age":30,"gender":"M","height":170.0,"stepCount":17182,"weight":65.0}