{"activityLevel":0,"activityList":[{"activeTime":763000,"calorie":28.315735,"distance":603.9004,"type":1001},{"activeTime":709000,"calorie":34.47081,"distance":696.55664,"type":1002},{"activeTime":1585966,"calorie":86.74099,"distance":1884.5294,"type":-1}],"age":42,"gender":"M","height":170.0,"stepCount":4343,"weight":65.0}