{"activityLevel":0,"activityList":[{"activeTime":2835000,"calorie":194.76074,"distance":4494.2383,"type":1001},{"activeTime":1828433,"calorie":87.34349,"distance":2208.477,"type":-1}],"age":63,"gender":"M","height":170.0,"stepCount":8465,"weight":46.0}