{"activityLevel":0,"activityList":[{"activeTime":3447000,"calorie":214.49771,"distance":4854.904,"type":1001},{"activeTime":3373120,"calorie":151.93835,"distance":3909.0933,"type":-1}],"age":63,"gender":"M","height":170.0,"stepCount":11488,"weight":46.0}