{"activityLevel":0,"activityList":[{"activeTime":2474000,"calorie":136.29361,"distance":3012.253,"type":1001},{"activeTime":2212917,"calorie":111.230804,"distance":2759.1064,"type":-1}],"age":63,"gender":"M","height":170.0,"stepCount":7380,"weight":46.0}