{"activityLevel":0,"activityList":[{"activeTime":2962000,"calorie":185.67651,"distance":4182.5625,"type":1001},{"activeTime":1289000,"calorie":96.45,"distance":0.0,"type":0},{"activeTime":2611694,"calorie":122.103645,"distance":3274.5144,"type":-1}],"age":63,"gender":"M","height":170.0,"stepCount":10138,"weight":46.0}