{"activityLevel":180004,"activityList":[{"activeTime":7750880,"calorie":493.71002,"distance":10112.7705,"type":1001},{"activeTime":114389,"calorie":6.5188327,"distance":115.85933,"type":-1}],"age":30,"gender":"M","height":170.0,"stepCount":13389,"weight":65.0}