{"activityLevel":180004,"activityList":[{"activeTime":7500958,"calorie":484.94995,"distance":10045.72,"type":1001},{"activeTime":886422,"calorie":52.528996,"distance":1063.9441,"type":-1}],"age":31,"gender":"M","height":170.0,"stepCount":14388,"weight":65.0}