{"activityLevel":180004,"activityList":[{"activeTime":6669047,"calorie":459.13998,"distance":8617.24,"type":1001},{"activeTime":1635669,"calorie":108.336136,"distance":2024.9695,"type":-1}],"age":31,"gender":"M","height":170.0,"stepCount":14057,"weight":65.0}