{"activityLevel":180004,"activityList":[{"activeTime":7968699,"calorie":540.44995,"distance":10381.59,"type":1001},{"activeTime":2906077,"calorie":177.84232,"distance":3696.8433,"type":-1}],"age":30,"gender":"M","height":170.0,"stepCount":18009,"weight":65.0}