{"activityLevel":180004,"activityList":[{"activeTime":6720380,"calorie":451.37997,"distance":9200.46,"type":1001},{"activeTime":1290692,"calorie":91.68863,"distance":1712.3318,"type":-1}],"age":30,"gender":"M","height":170.0,"stepCount":14050,"weight":65.0}