{"activityLevel":180004,"activityList":[{"activeTime":6270773,"calorie":396.50003,"distance":8355.85,"type":1001},{"activeTime":3470091,"calorie":254.01865,"distance":4753.3594,"type":-1}],"age":30,"gender":"M","height":170.0,"stepCount":16423,"weight":65.0}