{"activityLevel":180004,"activityList":[{"activeTime":7125305,"calorie":418.63,"distance":9913.92,"type":1001},{"activeTime":127889,"calorie":6.611666,"distance":143.43634,"type":-1}],"age":31,"gender":"M","height":170.0,"stepCount":12891,"weight":65.0}