{"activityLevel":180004,"activityList":[{"activeTime":9692000,"calorie":546.51697,"distance":11571.277,"type":1001},{"activeTime":4957510,"calorie":298.16827,"distance":5927.6646,"type":-1}],"age":70,"gender":"M","height":170.0,"stepCount":23621,"weight":65.0}