{"activityLevel":0,"activityList":[{"activeTime":5827974,"calorie":388.18997,"distance":7347.61,"type":1001},{"activeTime":5159490,"calorie":321.07532,"distance":6501.8203,"type":-1}],"age":29,"gender":"M","height":170.0,"stepCount":17946,"weight":65.0}