{"activityLevel":180004,"activityList":[{"activeTime":7228810,"calorie":496.91003,"distance":9350.13,"type":1001},{"activeTime":1529002,"calorie":100.01695,"distance":1791.2797,"type":-1}],"age":31,"gender":"M","height":170.0,"stepCount":14628,"weight":65.0}