{"activityLevel":180004,"activityList":[{"activeTime":7427339,"calorie":483.15997,"distance":9294.5205,"type":1001},{"activeTime":970923,"calorie":59.268997,"distance":1204.6823,"type":-1}],"age":30,"gender":"M","height":170.0,"stepCount":13844,"weight":65.0}