{"activityLevel":0,"activityList":[{"activeTime":7050224,"calorie":371.69995,"distance":8965.32,"type":1001},{"activeTime":4044802,"calorie":207.81816,"distance":4732.974,"type":-1}],"age":28,"gender":"M","height":170.0,"stepCount":18773,"weight":65.0}