{"activityLevel":180004,"activityList":[{"activeTime":7113381,"calorie":414.45,"distance":9839.67,"type":1001},{"activeTime":208690,"calorie":13.379166,"distance":224.56783,"type":-1}],"age":30,"gender":"M","height":170.0,"stepCount":13065,"weight":65.0}