{"activityLevel":180004,"activityList":[{"activeTime":4847244,"calorie":327.40002,"distance":6405.5996,"type":1001},{"activeTime":840929,"calorie":53.25467,"distance":956.7814,"type":-1}],"age":30,"gender":"M","height":170.0,"stepCount":9665,"weight":65.0}