{"activityLevel":0,"activityList":[{"activeTime":6325192,"calorie":326.03998,"distance":7810.17,"type":1001},{"activeTime":4646760,"calorie":315.77335,"distance":6485.2217,"type":-1}],"age":28,"gender":"M","height":170.0,"stepCount":18351,"weight":65.0}