{"activityLevel":180004,"activityList":[{"activeTime":834872,"calorie":50.670002,"distance":1247.3,"type":1001},{"activeTime":3185360,"calorie":195.46701,"distance":4351.8,"type":-1}],"age":29,"gender":"M","height":170.0,"stepCount":6735,"weight":65.0}