{"activityLevel":0,"activityList":[{"activeTime":6084924,"calorie":414.96997,"distance":7886.57,"type":1001},{"activeTime":2201831,"calorie":141.95497,"distance":2646.2998,"type":-1}],"age":29,"gender":"M","height":170.0,"stepCount":13787,"weight":65.0}