{"activityLevel":180004,"activityList":[{"activeTime":6954400,"calorie":464.21997,"distance":9319.931,"type":1001},{"activeTime":3553738,"calorie":223.10843,"distance":4340.6377,"type":-1}],"age":30,"gender":"M","height":170.0,"stepCount":17701,"weight":65.0}