{"activityLevel":180004,"activityList":[{"activeTime":6945357,"calorie":394.65002,"distance":9518.78,"type":1001},{"activeTime":1456391,"calorie":102.84151,"distance":1973.2002,"type":-1}],"age":30,"gender":"M","height":170.0,"stepCount":14691,"weight":65.0}