{"activityLevel":180003,"activityList":[{"activeTime":3125720,"calorie":204.31999,"distance":3851.49,"type":1001},{"activeTime":2750398,"calorie":186.88004,"distance":3261.233,"type":-1}],"age":56,"gender":"M","height":175.0,"stepCount":9260,"weight":75.0}