{"activityLevel":180002,"activityList":[{"activeTime":4353638,"calorie":302.70987,"distance":5332.109,"type":1001},{"activeTime":3300278,"calorie":214.23058,"distance":3892.8623,"type":-1}],"age":57,"gender":"M","height":175.0,"stepCount":12457,"weight":75.0}