{"activityLevel":180002,"activityList":[{"activeTime":4757926,"calorie":323.15997,"distance":6018.92,"type":1001},{"activeTime":1223256,"calorie":80.59849,"distance":1453.5684,"type":-1}],"age":59,"gender":"M","height":175.0,"stepCount":9914,"weight":75.0}