{"activityLevel":180002,"activityList":[{"activeTime":755000,"calorie":43.640137,"distance":831.83984,"type":1001},{"activeTime":1008000,"calorie":84.88,"distance":0.0,"type":0},{"activeTime":2831271,"calorie":181.98122,"distance":3401.1924,"type":-1}],"age":59,"gender":"M","height":175.0,"stepCount":5619,"weight":74.0}