{"activityLevel":180002,"activityList":[{"activeTime":3920000,"calorie":217.18811,"distance":3999.8867,"type":1001},{"activeTime":1093000,"calorie":56.23,"distance":0.0,"type":0},{"activeTime":1913755,"calorie":116.06053,"distance":2151.3057,"type":-1}],"age":59,"gender":"M","height":175.0,"stepCount":10108,"weight":75.0}