{"activityLevel":180002,"activityList":[{"activeTime":4464018,"calorie":310.22998,"distance":5656.33,"type":1001},{"activeTime":2450156,"calorie":157.75203,"distance":2777.8093,"type":-1}],"age":59,"gender":"M","height":175.0,"stepCount":11371,"weight":75.0}