{"activityLevel":180002,"activityList":[{"activeTime":4053752,"calorie":324.74997,"distance":6095.66,"type":1001},{"activeTime":1702051,"calorie":119.09597,"distance":2190.6626,"type":-1}],"age":57,"gender":"M","height":175.0,"stepCount":10309,"weight":75.0}