{"activityLevel":180002,"activityList":[{"activeTime":6733000,"calorie":529.13586,"distance":0.0,"type":0},{"activeTime":1965000,"calorie":107.056335,"distance":1947.2954,"type":1001},{"activeTime":3593214,"calorie":230.47168,"distance":4154.629,"type":-1}],"age":59,"gender":"M","height":175.0,"stepCount":10041,"weight":75.0}