{"activityLevel":0,"activityList":[{"activeTime":3276000,"calorie":153.07874,"distance":3702.25,"type":1001},{"activeTime":2341531,"calorie":153.91225,"distance":2905.4897,"type":-1}],"age":64,"gender":"M","height":170.0,"stepCount":9841,"weight":65.0}