{"activityLevel":0,"activityList":[{"activeTime":765000,"calorie":36.239502,"distance":775.6328,"type":1001},{"activeTime":2801379,"calorie":190.27681,"distance":3733.5684,"type":-1}],"age":64,"gender":"M","height":170.0,"stepCount":5841,"weight":65.0}