{"activityLevel":0,"activityList":[{"activeTime":2730000,"calorie":179.61157,"distance":4070.0547,"type":1001},{"activeTime":1933866,"calorie":93.54855,"distance":2375.9534,"type":-1}],"age":63,"gender":"M","height":170.0,"stepCount":8276,"weight":46.0}