{"activityLevel":180004,"activityList":[{"activeTime":7404829,"calorie":515.45996,"distance":9820.14,"type":1001},{"activeTime":1728859,"calorie":111.328156,"distance":2208.5898,"type":-1}],"age":30,"gender":"M","height":170.0,"stepCount":15550,"weight":65.0}