{"activityLevel":180004,"activityList":[{"activeTime":7179821,"calorie":418.31998,"distance":9480.14,"type":1001},{"activeTime":687619,"calorie":40.434998,"distance":848.83417,"type":-1}],"age":30,"gender":"M","height":170.0,"stepCount":13506,"weight":65.0}