{"activityLevel":0,"activityList":[{"activeTime":6943978,"calorie":390.09998,"distance":9633.301,"type":1001},{"activeTime":2563444,"calorie":177.89017,"distance":3545.882,"type":-1}],"age":29,"gender":"M","height":170.0,"stepCount":16588,"weight":65.0}