{"activityLevel":180004,"activityList":[{"activeTime":6445043,"calorie":355.88998,"distance":8850.881,"type":1001},{"activeTime":3207158,"calorie":200.86032,"distance":4216.025,"type":-1}],"age":29,"gender":"M","height":170.0,"stepCount":16533,"weight":65.0}