{"activityLevel":0,"activityList":[{"activeTime":4713392,"calorie":242.79999,"distance":5789.07,"type":1001},{"activeTime":4022174,"calorie":200.38564,"distance":4708.3833,"type":-1}],"age":28,"gender":"M","height":170.0,"stepCount":14564,"weight":65.0}