{"activityLevel":0,"activityList":[{"activeTime":6462632,"calorie":422.13998,"distance":8413.859,"type":1001},{"activeTime":2799267,"calorie":181.40695,"distance":3590.0776,"type":-1}],"age":29,"gender":"M","height":170.0,"stepCount":15394,"weight":65.0}