{"activityLevel":180004,"activityList":[{"activeTime":6804856,"calorie":386.00998,"distance":9290.83,"type":1001},{"activeTime":1174725,"calorie":73.731476,"distance":1483.8298,"type":-1}],"age":30,"gender":"M","height":170.0,"stepCount":13924,"weight":65.0}