{"activityLevel":180004,"activityList":[{"activeTime":7606600,"calorie":480.68997,"distance":10121.11,"type":1001},{"activeTime":240749,"calorie":14.019832,"distance":269.1873,"type":-1}],"age":30,"gender":"M","height":170.0,"stepCount":13518,"weight":65.0}