{"activityLevel":0,"activityList":[{"activeTime":5232764,"calorie":348.52997,"distance":6636.3696,"type":1001},{"activeTime":3762388,"calorie":236.84186,"distance":4653.523,"type":-1}],"age":29,"gender":"M","height":170.0,"stepCount":14762,"weight":65.0}