{"activityLevel":180004,"activityList":[{"activeTime":7110369,"calorie":460.78998,"distance":9519.2295,"type":1001},{"activeTime":4262039,"calorie":266.11282,"distance":5099.9185,"type":-1}],"age":30,"gender":"M","height":170.0,"stepCount":19089,"weight":65.0}