{"activityLevel":180004,"activityList":[{"activeTime":7235646,"calorie":438.22998,"distance":9848.13,"type":1001},{"activeTime":1818480,"calorie":114.27866,"distance":2283.0098,"type":-1}],"age":30,"gender":"M","height":170.0,"stepCount":15590,"weight":65.0}