{"activityLevel":180004,"activityList":[{"activeTime":6671033,"calorie":367.93997,"distance":9155.779,"type":1001},{"activeTime":4106157,"calorie":268.83725,"distance":5427.4766,"type":-1}],"age":29,"gender":"M","height":170.0,"stepCount":18301,"weight":65.0}