{"activityLevel":180004,"activityList":[{"activeTime":750000,"calorie":34.96545,"distance":738.9756,"type":1001},{"activeTime":2566907,"calorie":154.32965,"distance":2953.6926,"type":-1}],"age":70,"gender":"M","height":170.0,"stepCount":4986,"weight":65.0}