{"activityLevel":0,"activityList":[{"activeTime":7259338,"calorie":374.36002,"distance":8865.381,"type":1001},{"activeTime":1814340,"calorie":91.34467,"distance":1968.5326,"type":-1}],"age":28,"gender":"M","height":170.0,"stepCount":14994,"weight":65.0}