{"activityLevel":0,"activityList":[{"activeTime":6278532,"calorie":330.15997,"distance":7848.58,"type":1001},{"activeTime":1747682,"calorie":99.297966,"distance":1994.1426,"type":-1}],"age":28,"gender":"M","height":170.0,"stepCount":13501,"weight":65.0}