{"activityLevel":0,"activityList":[{"activeTime":6529452,"calorie":407.66998,"distance":8562.21,"type":1001},{"activeTime":3755459,"calorie":252.15396,"distance":5132.3047,"type":-1}],"age":29,"gender":"M","height":170.0,"stepCount":17048,"weight":65.0}