{"activityLevel":180004,"activityList":[{"activeTime":6942782,"calorie":483.72995,"distance":9201.469,"type":1001},{"activeTime":4412778,"calorie":333.36362,"distance":6517.084,"type":-1}],"age":30,"gender":"M","height":170.0,"stepCount":18869,"weight":65.0}