{"activityLevel":180004,"activityList":[{"activeTime":6213332,"calorie":377.09998,"distance":8226.24,"type":1001},{"activeTime":1205825,"calorie":77.64581,"distance":1436.5026,"type":-1}],"age":30,"gender":"M","height":170.0,"stepCount":12625,"weight":65.0}