{"activityLevel":0,"activityList":[{"activeTime":5026849,"calorie":345.65997,"distance":6774.17,"type":1001},{"activeTime":5368983,"calorie":329.07925,"distance":6842.2783,"type":-1}],"age":29,"gender":"M","height":170.0,"stepCount":17265,"weight":65.0}