{"activityLevel":180004,"activityList":[{"activeTime":4989623,"calorie":334.14996,"distance":6191.6396,"type":1001},{"activeTime":3484940,"calorie":222.81586,"distance":4108.9795,"type":-1}],"age":70,"gender":"M","height":170.0,"stepCount":13941,"weight":65.0}