{"activityLevel":180004,"activityList":[{"activeTime":7851000,"calorie":457.06912,"distance":9727.85,"type":1001},{"activeTime":1215655,"calorie":69.83119,"distance":1401.1213,"type":-1}],"age":70,"gender":"M","height":170.0,"stepCount":15035,"weight":65.0}