{"activityLevel":180004,"activityList":[{"activeTime":6498830,"calorie":429.63995,"distance":8220.57,"type":1001},{"activeTime":2411189,"calorie":155.14728,"distance":2964.6318,"type":-1}],"age":30,"gender":"M","height":170.0,"stepCount":14751,"weight":65.0}