{"activityLevel":0,"activityList":[{"activeTime":225000,"calorie":2.1071608,"distance":38.666203,"type":1001},{"activeTime":12000,"calorie":0.0557183,"distance":0.0,"type":1002},{"activeTime":12000,"calorie":0.0,"distance":0.0,"type":11007},{"activeTime":6615089,"calorie":406.91595,"distance":8143.1465,"type":-1}],"age":60,"gender":"M","height":170.0,"stepCount":10688,"weight":83.6}