{"activityLevel":0,"activityList":[{"activeTime":1199000,"calorie":44.209633,"distance":1337.4084,"type":1001},{"activeTime":4063089,"calorie":264.14618,"distance":5124.1875,"type":-1}],"age":59,"gender":"M","height":170.0,"stepCount":9317,"weight":84.6}