{"activityLevel":0,"activityList":[{"activeTime":1924000,"calorie":142.54001,"distance":0.0,"type":0},{"activeTime":922000,"calorie":33.13672,"distance":723.9297,"type":1001},{"activeTime":4139913,"calorie":221.78246,"distance":4872.3833,"type":-1}],"age":54,"gender":"M","height":170.0,"stepCount":7546,"weight":65.0}