{"activityLevel":0,"activityList":[{"activeTime":158000,"calorie":5.3728533,"distance":115.50751,"type":1002},{"activeTime":4085125,"calorie":240.78409,"distance":4896.0083,"type":-1}],"age":42,"gender":"M","height":170.0,"stepCount":6630,"weight":65.0}