{"activityLevel":0,"activityList":[{"activeTime":1474000,"calorie":60.010956,"distance":1287.5596,"type":1001},{"activeTime":1459898,"calorie":78.48439,"distance":1706.559,"type":-1}],"age":42,"gender":"M","height":170.0,"stepCount":3978,"weight":65.0}