{"activityLevel":0,"activityList":[{"activeTime":3486000,"calorie":177.69287,"distance":3908.3438,"type":1001},{"activeTime":6910465,"calorie":350.09482,"distance":8133.056,"type":-1}],"age":67,"gender":"M","height":170.0,"stepCount":15861,"weight":54.5}