{"activityLevel":0,"activityList":[{"activeTime":2594000,"calorie":124.07373,"distance":2725.8125,"type":1001},{"activeTime":6484564,"calorie":330.74738,"distance":7972.7837,"type":-1}],"age":67,"gender":"M","height":170.0,"stepCount":14130,"weight":54.5}