{"activityLevel":0,"activityList":[{"activeTime":3239000,"calorie":161.48145,"distance":3567.1016,"type":1001},{"activeTime":1989000,"calorie":162.21,"distance":0.0,"type":0},{"activeTime":5495441,"calorie":272.11032,"distance":6383.099,"type":-1}],"age":67,"gender":"M","height":170.0,"stepCount":15079,"weight":54.5}