{"activityLevel":0,"activityList":[{"activeTime":1369394,"calorie":74.520004,"distance":1842.73,"type":1001},{"activeTime":6949006,"calorie":407.58005,"distance":8952.181,"type":-1}],"age":30,"gender":"M","height":170.0,"stepCount":14153,"weight":65.0}