{"activityLevel":0,"activityList":[{"activeTime":1486669,"calorie":115.850006,"distance":2202.87,"type":1001},{"activeTime":7234449,"calorie":493.56662,"distance":9199.884,"type":-1}],"age":31,"gender":"M","height":170.0,"stepCount":15064,"weight":65.0}