{"activityLevel":0,"activityList":[{"activeTime":2591000,"calorie":125.48215,"distance":2772.6729,"type":1001},{"activeTime":4340000,"calorie":356.58002,"distance":0.0,"type":0},{"activeTime":7472063,"calorie":381.2383,"distance":8955.575,"type":-1}],"age":67,"gender":"M","height":170.0,"stepCount":17895,"weight":54.5}