{"activityLevel":0,"activityList":[{"activeTime":94000,"calorie":1.6594186,"distance":12.662109,"type":1002},{"activeTime":2669867,"calorie":156.75645,"distance":3224.8804,"type":-1}],"age":42,"gender":"M","height":170.0,"stepCount":4254,"weight":65.0}