{"activityLevel":0,"activityList":[{"activeTime":1570000,"calorie":81.40259,"distance":1776.4375,"type":1001},{"activeTime":3449315,"calorie":208.85329,"distance":4114.335,"type":-1}],"age":63,"gender":"M","height":170.0,"stepCount":7729,"weight":80.2}