{"activityLevel":180002,"activityList":[{"activeTime":998000,"calorie":50.19159,"distance":944.5293,"type":1001},{"activeTime":9021295,"calorie":563.74414,"distance":10332.703,"type":-1}],"age":59,"gender":"M","height":175.0,"stepCount":15089,"weight":74.0}