{"activityLevel":180002,"activityList":[{"activeTime":5732731,"calorie":389.84998,"distance":7275.22,"type":1001},{"activeTime":3547458,"calorie":226.36201,"distance":4044.9995,"type":-1}],"age":59,"gender":"M","height":175.0,"stepCount":15163,"weight":75.0}