{"activityLevel":0,"activityList":[{"activeTime":3650889,"calorie":253.90001,"distance":4890.23,"type":1001},{"activeTime":4447312,"calorie":307.94403,"distance":6201.1914,"type":-1}],"age":29,"gender":"M","height":170.0,"stepCount":13711,"weight":65.0}