{"activityLevel":180004,"activityList":[{"activeTime":15213412,"calorie":1044.91,"distance":20277.54,"type":1001},{"activeTime":214707,"calorie":13.618663,"distance":243.88103,"type":-1}],"age":31,"gender":"M","height":170.0,"stepCount":26617,"weight":65.0}