{"activityLevel":180004,"activityList":[{"activeTime":7261178,"calorie":432.63998,"distance":9593.939,"type":1001},{"activeTime":1793155,"calorie":115.11161,"distance":2209.4414,"type":-1}],"age":31,"gender":"M","height":170.0,"stepCount":15331,"weight":65.0}