{"activityLevel":0,"activityList":[{"activeTime":2066757,"calorie":101.119995,"distance":2406.6401,"type":1001},{"activeTime":4532086,"calorie":218.09064,"distance":5019.13,"type":-1}],"age":28,"gender":"M","height":170.0,"stepCount":10450,"weight":65.0}