{"activityLevel":0,"activityList":[{"activeTime":6616904,"calorie":472.12997,"distance":9237.859,"type":1001},{"activeTime":5084762,"calorie":359.03085,"distance":7383.616,"type":-1}],"age":29,"gender":"M","height":170.0,"stepCount":20496,"weight":65.0}