{"activityLevel":0,"activityList":[{"activeTime":807499,"calorie":42.219997,"distance":987.43005,"type":1001},{"activeTime":4296276,"calorie":243.18929,"distance":5229.1016,"type":-1}],"age":28,"gender":"M","height":170.0,"stepCount":8301,"weight":65.0}