{"activityLevel":180004,"activityList":[{"activeTime":7195215,"calorie":462.16998,"distance":9850.149,"type":1001},{"activeTime":2854338,"calorie":211.08014,"distance":3870.9526,"type":-1}],"age":30,"gender":"M","height":170.0,"stepCount":17206,"weight":65.0}