{"activityLevel":180004,"activityList":[{"activeTime":7064158,"calorie":412.99997,"distance":9531.939,"type":1001},{"activeTime":1516602,"calorie":95.81613,"distance":1927.637,"type":-1}],"age":29,"gender":"M","height":170.0,"stepCount":14767,"weight":65.0}