{"activityLevel":180004,"activityList":[{"activeTime":7766000,"calorie":439.02106,"distance":9290.846,"type":1001},{"activeTime":1437408,"calorie":81.10596,"distance":1646.5857,"type":-1}],"age":70,"gender":"M","height":170.0,"stepCount":14571,"weight":65.0}