{"activityLevel":180004,"activityList":[{"activeTime":6441657,"calorie":453.46997,"distance":8676.859,"type":1001},{"activeTime":840660,"calorie":58.107967,"distance":1047.1987,"type":-1}],"age":30,"gender":"M","height":170.0,"stepCount":12604,"weight":65.0}