{"activityLevel":0,"activityList":[{"activeTime":2113000,"calorie":114.81848,"distance":2487.5918,"type":1001},{"activeTime":3765983,"calorie":228.88602,"distance":4422.849,"type":-1}],"age":63,"gender":"M","height":170.0,"stepCount":9155,"weight":80.2}