{"activityLevel":0,"activityList":[{"activeTime":13000,"calorie":0.053392433,"distance":0.0,"type":1001},{"activeTime":923000,"calorie":103.324905,"distance":0.0,"type":15002},{"activeTime":2529132,"calorie":141.6667,"distance":3118.0715,"type":-1}],"age":63,"gender":"M","height":170.0,"stepCount":4285,"weight":46.0}