{"activityLevel":0,"activityList":[{"activeTime":3522000,"calorie":226.07007,"distance":5126.881,"type":1001},{"activeTime":988667,"calorie":52.838127,"distance":1209.6726,"type":-1}],"age":63,"gender":"M","height":170.0,"stepCount":8120,"weight":46.0}