{"activityLevel":0,"activityList":[{"activeTime":2885336,"calorie":210.43999,"distance":3995.7197,"type":1001},{"activeTime":6239567,"calorie":409.95673,"distance":7707.381,"type":-1}],"age":67,"gender":"M","height":170.0,"stepCount":15611,"weight":65.0}