{"activityLevel":0,"activityList":[{"activeTime":11285174,"calorie":1030.0,"distance":44726.04,"type":11007},{"activeTime":206770,"calorie":11.499996,"distance":234.67003,"type":-1}],"age":31,"gender":"M","height":170.0,"stepCount":16591,"weight":65.0}