{"activityLevel":0,"activityList":[{"activeTime":4773000,"calorie":233.07567,"distance":5101.4995,"type":1001},{"activeTime":3565527,"calorie":184.53506,"distance":4386.903,"type":-1}],"age":67,"gender":"M","height":170.0,"stepCount":12653,"weight":54.5}