{"activityLevel":0,"activityList":[{"activeTime":2249972,"calorie":174.70001,"distance":3107.74,"type":1001},{"activeTime":5779691,"calorie":391.89908,"distance":7320.4097,"type":-1}],"age":31,"gender":"M","height":170.0,"stepCount":13903,"weight":65.0}