{"activityLevel":0,"activityList":[{"activeTime":2799000,"calorie":143.75342,"distance":3235.6016,"type":1001},{"activeTime":4516769,"calorie":250.58739,"distance":5869.9062,"type":-1}],"age":67,"gender":"M","height":170.0,"stepCount":11934,"weight":54.5}