{"activityLevel":0,"activityList":[{"activeTime":1210000,"calorie":66.81682,"distance":1483.7344,"type":1001},{"activeTime":930000,"calorie":76.31,"distance":0.0,"type":0},{"activeTime":720000,"calorie":47.834908,"distance":523.07874,"type":1002},{"activeTime":3730340,"calorie":184.54889,"distance":4282.6533,"type":-1}],"age":67,"gender":"M","height":170.0,"stepCount":10250,"weight":54.5}