{"activityLevel":0,"activityList":[{"activeTime":3194379,"calorie":237.01999,"distance":4600.48,"type":1001},{"activeTime":7699951,"calorie":494.04556,"distance":9291.098,"type":-1}],"age":30,"gender":"M","height":170.0,"stepCount":17912,"weight":65.0}