{"activityLevel":0,"activityList":[{"activeTime":2331000,"calorie":121.183105,"distance":2670.9258,"type":1001},{"activeTime":2203000,"calorie":166.85,"distance":0.0,"type":0},{"activeTime":5323945,"calorie":266.85406,"distance":6238.0215,"type":-1}],"age":67,"gender":"M","height":170.0,"stepCount":12965,"weight":54.5}