{"activityLevel":0,"activityList":[{"activeTime":6000,"calorie":0.053392433,"distance":0.0,"type":1002},{"activeTime":4870000,"calorie":172.07845,"distance":2474.2395,"type":1001},{"activeTime":2512913,"calorie":136.39708,"distance":3243.9377,"type":-1}],"age":67,"gender":"M","height":170.0,"stepCount":13050,"weight":54.5}