{"activityLevel":0,"activityList":[{"activeTime":40095384,"calorie":761.99786,"distance":6454.4424,"type":3001},{"activeTime":2858907,"calorie":157.10995,"distance":3247.41,"type":-1}],"age":64,"gender":"M","height":170.0,"stepCount":6566,"weight":65.0}