{"activityLevel":0,"activityList":[{"activeTime":974000,"calorie":32.691162,"distance":695.3789,"type":1001},{"activeTime":2304860,"calorie":132.35237,"distance":2692.6187,"type":-1}],"age":42,"gender":"M","height":170.0,"stepCount":4590,"weight":65.0}