{"activityLevel":0,"activityList":[{"activeTime":1234000,"calorie":63.95233,"distance":1388.998,"type":1001},{"activeTime":3140788,"calorie":172.72667,"distance":3934.7488,"type":-1}],"age":63,"gender":"M","height":170.0,"stepCount":6784,"weight":46.0}