{"activityLevel":0,"activityList":[{"activeTime":4594000,"calorie":285.82495,"distance":6357.957,"type":1001},{"activeTime":1941606,"calorie":97.12779,"distance":2310.2532,"type":-1}],"age":63,"gender":"M","height":170.0,"stepCount":11527,"weight":46.0}