{"activityLevel":0,"activityList":[{"activeTime":11357181,"calorie":779.0,"distance":40192.15,"type":11007},{"activeTime":870000,"calorie":36.072845,"distance":770.35547,"type":1001},{"activeTime":1055126,"calorie":56.804073,"distance":1354.0065,"type":-1}],"age":67,"gender":"M","height":170.0,"stepCount":8194,"weight":54.5}