{"activityLevel":0,"activityList":[{"activeTime":6807175,"calorie":651.0,"distance":28895.61,"type":11007},{"activeTime":2500284,"calorie":174.75,"distance":3975.01,"type":1001},{"activeTime":325002,"calorie":20.701666,"distance":440.77783,"type":-1}],"age":30,"gender":"M","height":170.0,"stepCount":10232,"weight":65.0}