{"activityLevel":0,"activityList":[{"activeTime":3689896,"calorie":263.46002,"distance":5062.4497,"type":1001},{"activeTime":8521056,"calorie":602.52045,"distance":11111.715,"type":-1}],"age":30,"gender":"M","height":170.0,"stepCount":21051,"weight":65.0}