{"activityLevel":0,"activityList":[{"activeTime":3288516,"calorie":225.23001,"distance":4254.12,"type":1001},{"activeTime":1591360,"calorie":104.76417,"distance":1989.2382,"type":-1}],"age":67,"gender":"M","height":170.0,"stepCount":8226,"weight":65.0}