{"activityLevel":0,"activityList":[{"activeTime":1729545,"calorie":115.630005,"distance":2410.51,"type":1001},{"activeTime":6229992,"calorie":371.97473,"distance":7525.596,"type":-1}],"age":31,"gender":"M","height":170.0,"stepCount":12989,"weight":65.0}