{"activityLevel":0,"activityList":[{"activeTime":2512000,"calorie":133.67291,"distance":2936.738,"type":1001},{"activeTime":55000,"calorie":3.6494815,"distance":0.0,"type":0},{"activeTime":27000,"calorie":0.13000935,"distance":0.0,"type":1002},{"activeTime":2872477,"calorie":144.19196,"distance":3499.3384,"type":-1}],"age":63,"gender":"M","height":170.0,"stepCount":8234,"weight":46.0}