{"activityLevel":0,"activityList":[{"activeTime":2198000,"calorie":126.618774,"distance":2800.3047,"type":1001},{"activeTime":25000,"calorie":0.11143659,"distance":0.0,"type":1002},{"activeTime":185000,"calorie":12.275506,"distance":0.0,"type":0},{"activeTime":2060194,"calorie":102.74662,"distance":2561.9133,"type":-1}],"age":63,"gender":"M","height":170.0,"stepCount":6857,"weight":46.0}