{"activityLevel":0,"activityList":[{"activeTime":3188000,"calorie":206.38965,"distance":4640.416,"type":1001},{"activeTime":3083766,"calorie":139.47449,"distance":3688.2144,"type":-1}],"age":63,"gender":"M","height":170.0,"stepCount":10883,"weight":46.0}