{"activityLevel":180002,"activityList":[{"activeTime":1641847,"calorie":119.869995,"distance":2252.6401,"type":1001},{"activeTime":3577528,"calorie":234.82858,"distance":4442.1577,"type":-1}],"age":57,"gender":"M","height":175.0,"stepCount":8500,"weight":75.0}