{"activityLevel":180003,"activityList":[{"activeTime":1383000,"calorie":95.28325,"distance":1648.0023,"type":1001},{"activeTime":3218913,"calorie":214.78407,"distance":3845.4683,"type":-1}],"age":55,"gender":"M","height":175.0,"stepCount":7031,"weight":75.0}