{"activityLevel":180002,"activityList":[{"activeTime":3212000,"calorie":168.71301,"distance":3087.836,"type":1001},{"activeTime":4117797,"calorie":254.81499,"distance":4676.276,"type":-1}],"age":59,"gender":"M","height":175.0,"stepCount":10673,"weight":74.0}