{"activityLevel":180002,"activityList":[{"activeTime":1000000,"calorie":51.15155,"distance":936.61914,"type":1001},{"activeTime":4475939,"calorie":283.94485,"distance":5089.913,"type":-1}],"age":59,"gender":"M","height":175.0,"stepCount":8194,"weight":74.0}