{"activityLevel":180002,"activityList":[{"activeTime":721278,"calorie":49.53,"distance":895.32996,"type":1001},{"activeTime":3726066,"calorie":239.24863,"distance":4286.7676,"type":-1}],"age":59,"gender":"M","height":175.0,"stepCount":6991,"weight":75.0}