{"activityLevel":180002,"activityList":[{"activeTime":780000,"calorie":38.53589,"distance":726.04297,"type":1001},{"activeTime":1387668,"calorie":88.06445,"distance":1664.5267,"type":-1}],"age":59,"gender":"M","height":175.0,"stepCount":3229,"weight":74.0}