{"activityLevel":180003,"activityList":[{"activeTime":724619,"calorie":51.78,"distance":1017.91003,"type":1001},{"activeTime":2946998,"calorie":205.50937,"distance":3754.134,"type":-1}],"age":56,"gender":"M","height":175.0,"stepCount":5879,"weight":75.0}