{"activityLevel":180002,"activityList":[{"activeTime":3041080,"calorie":212.95001,"distance":3924.8901,"type":1001},{"activeTime":4913994,"calorie":327.54855,"distance":5970.5366,"type":-1}],"age":57,"gender":"M","height":175.0,"stepCount":12691,"weight":75.0}