{"activityLevel":0,"activityList":[{"activeTime":1845000,"calorie":88.80552,"distance":1901.6868,"type":1001},{"activeTime":1297157,"calorie":80.29311,"distance":1509.7676,"type":-1}],"age":64,"gender":"M","height":170.0,"stepCount":4694,"weight":65.0}