{"activityLevel":0,"activityList":[{"activeTime":3274000,"calorie":151.63647,"distance":3665.0215,"type":1001},{"activeTime":2946822,"calorie":200.42331,"distance":3849.02,"type":-1}],"age":64,"gender":"M","height":170.0,"stepCount":10947,"weight":65.0}