{"activityLevel":0,"activityList":[{"activeTime":3935000,"calorie":167.45337,"distance":3559.7148,"type":1001},{"activeTime":3036703,"calorie":190.08412,"distance":3838.5947,"type":-1}],"age":64,"gender":"M","height":170.0,"stepCount":10590,"weight":65.0}