{"activityLevel":0,"activityList":[{"activeTime":59525000,"calorie":77.034195,"distance":1654.3811,"type":1001},{"activeTime":752517,"calorie":49.456642,"distance":979.66583,"type":-1}],"age":64,"gender":"M","height":170.0,"stepCount":1335,"weight":65.0}