{"activityLevel":0,"activityList":[{"activeTime":1827000,"calorie":90.40411,"distance":1949.9756,"type":1001},{"activeTime":1582225,"calorie":100.162605,"distance":1978.5471,"type":-1}],"age":64,"gender":"M","height":170.0,"stepCount":5142,"weight":65.0}