{"activityLevel":0,"activityList":[{"activeTime":2387000,"calorie":135.79443,"distance":2998.918,"type":1001},{"activeTime":2457980,"calorie":122.138275,"distance":3027.3503,"type":-1}],"age":63,"gender":"M","height":170.0,"stepCount":7677,"weight":46.0}