{"activityLevel":0,"activityList":[{"activeTime":8375175,"calorie":647.0,"distance":34056.2,"type":11007},{"activeTime":693000,"calorie":33.95874,"distance":764.2344,"type":1001},{"activeTime":962768,"calorie":48.019978,"distance":1117.0366,"type":-1}],"age":67,"gender":"M","height":170.0,"stepCount":6569,"weight":54.5}