{"activityLevel":0,"activityList":[{"activeTime":3036000,"calorie":148.74683,"distance":3279.3477,"type":1001},{"activeTime":5027136,"calorie":261.18948,"distance":6422.0083,"type":-1}],"age":67,"gender":"M","height":170.0,"stepCount":13040,"weight":54.5}