{"activityLevel":0,"activityList":[{"activeTime":8655355,"calorie":935.67303,"distance":7480.813,"type":1001},{"activeTime":6350855,"calorie":301.44592,"distance":7330.6616,"type":-1}],"age":67,"gender":"M","height":170.0,"stepCount":24070,"weight":54.5}