{"activityLevel":0,"activityList":[{"activeTime":3482000,"calorie":193.82788,"distance":4296.621,"type":1001},{"activeTime":2786579,"calorie":150.08374,"distance":3561.8608,"type":-1}],"age":67,"gender":"M","height":170.0,"stepCount":10660,"weight":54.5}