{"activityLevel":0,"activityList":[{"activeTime":1646465,"calorie":116.31999,"distance":2206.51,"type":1001},{"activeTime":9088104,"calorie":589.23224,"distance":11635.219,"type":-1}],"age":31,"gender":"M","height":170.0,"stepCount":18390,"weight":65.0}