{"activityLevel":0,"activityList":[{"activeTime":226000,"calorie":0.7296964,"distance":24.537786,"type":1002},{"activeTime":4034000,"calorie":35.983852,"distance":1279.5507,"type":11007},{"activeTime":5169458,"calorie":255.5725,"distance":6287.1445,"type":-1}],"age":67,"gender":"M","height":170.0,"stepCount":12815,"weight":54.5}