{"activityLevel":180002,"activityList":[{"activeTime":1600000,"calorie":140.36,"distance":0.0,"type":0},{"activeTime":895000,"calorie":58.79431,"distance":1159.5684,"type":1001},{"activeTime":4041143,"calorie":254.49309,"distance":4707.146,"type":-1}],"age":59,"gender":"M","height":175.0,"stepCount":9851,"weight":74.0}