{"activityLevel":180002,"activityList":[{"activeTime":1443000,"calorie":73.04999,"distance":1369.3271,"type":1001},{"activeTime":2921768,"calorie":185.67697,"distance":3327.676,"type":-1}],"age":59,"gender":"M","height":175.0,"stepCount":6344,"weight":74.0}