{"activityLevel":180002,"activityList":[{"activeTime":2791000,"calorie":153.13928,"distance":2858.9395,"type":1001},{"activeTime":7514859,"calorie":505.42078,"distance":8453.85,"type":-1}],"age":59,"gender":"M","height":175.0,"stepCount":15560,"weight":74.0}