{"activityLevel":0,"activityList":[{"activeTime":6187535,"calorie":414.79996,"distance":8033.3506,"type":1001},{"activeTime":3748481,"calorie":249.53745,"distance":4843.7646,"type":-1}],"age":29,"gender":"M","height":170.0,"stepCount":16449,"weight":65.0}