{"activityLevel":0,"activityList":[{"activeTime":4781983,"calorie":302.58997,"distance":6173.5396,"type":1001},{"activeTime":4256939,"calorie":276.57065,"distance":5258.753,"type":-1}],"age":29,"gender":"M","height":170.0,"stepCount":14813,"weight":65.0}