{"activityLevel":180004,"activityList":[{"activeTime":6945590,"calorie":487.28998,"distance":9389.68,"type":1001},{"activeTime":1036700,"calorie":65.00547,"distance":1269.4576,"type":-1}],"age":31,"gender":"M","height":170.0,"stepCount":13782,"weight":65.0}