{"activityLevel":180004,"activityList":[{"activeTime":4715204,"calorie":318.46997,"distance":6161.0596,"type":1001},{"activeTime":3067592,"calorie":184.02531,"distance":3723.002,"type":-1}],"age":30,"gender":"M","height":170.0,"stepCount":12931,"weight":65.0}