{"activityLevel":180004,"activityList":[{"activeTime":7115406,"calorie":474.95996,"distance":9224.17,"type":1001},{"activeTime":797100,"calorie":51.98048,"distance":957.5161,"type":-1}],"age":30,"gender":"M","height":170.0,"stepCount":13414,"weight":65.0}