{"activityLevel":180004,"activityList":[{"activeTime":7287813,"calorie":427.83,"distance":10006.1,"type":1001},{"activeTime":575871,"calorie":35.921314,"distance":699.09924,"type":-1}],"age":29,"gender":"M","height":170.0,"stepCount":13783,"weight":65.0}