{"activityLevel":180004,"activityList":[{"activeTime":7634197,"calorie":518.78,"distance":9905.08,"type":1001},{"activeTime":121245,"calorie":7.8774986,"distance":132.72453,"type":-1}],"age":30,"gender":"M","height":170.0,"stepCount":13213,"weight":65.0}