{"activityLevel":0,"activityList":[{"activeTime":1804104,"calorie":88.619995,"distance":2089.4502,"type":1001},{"activeTime":5107509,"calorie":278.44086,"distance":6021.215,"type":-1}],"age":28,"gender":"M","height":170.0,"stepCount":11075,"weight":65.0}