{"activityLevel":180004,"activityList":[{"activeTime":8076721,"calorie":489.94867,"distance":9711.78,"type":1001},{"activeTime":2585280,"calorie":150.60564,"distance":2908.6567,"type":-1}],"age":70,"gender":"M","height":170.0,"stepCount":16986,"weight":65.0}