{"activityLevel":180004,"activityList":[{"activeTime":7525691,"calorie":475.50003,"distance":9932.57,"type":1001},{"activeTime":355958,"calorie":21.677334,"distance":408.19498,"type":-1}],"age":30,"gender":"M","height":170.0,"stepCount":13502,"weight":65.0}