{"activityLevel":0,"activityList":[{"activeTime":7897766,"calorie":509.65997,"distance":10406.811,"type":1001},{"activeTime":4644906,"calorie":311.76025,"distance":5998.496,"type":-1}],"age":29,"gender":"M","height":170.0,"stepCount":21002,"weight":65.0}