{"activityLevel":180004,"activityList":[{"activeTime":5059527,"calorie":317.69998,"distance":6866.6,"type":1001},{"activeTime":3113316,"calorie":212.21664,"distance":4400.022,"type":-1}],"age":29,"gender":"M","height":170.0,"stepCount":13830,"weight":65.0}