{"activityLevel":180004,"activityList":[{"activeTime":8220969,"calorie":552.20996,"distance":10583.18,"type":1001},{"activeTime":344830,"calorie":21.793333,"distance":436.9153,"type":-1}],"age":31,"gender":"M","height":170.0,"stepCount":14330,"weight":65.0}