{"activityLevel":180004,"activityList":[{"activeTime":7134861,"calorie":433.47998,"distance":9882.05,"type":1001},{"activeTime":1904047,"calorie":113.70247,"distance":2373.592,"type":-1}],"age":30,"gender":"M","height":170.0,"stepCount":15686,"weight":65.0}