{"activityLevel":0,"activityList":[{"activeTime":5409071,"calorie":342.91998,"distance":7137.16,"type":1001},{"activeTime":4000293,"calorie":257.89526,"distance":5032.862,"type":-1}],"age":29,"gender":"M","height":170.0,"stepCount":15675,"weight":65.0}