{"activityLevel":180004,"activityList":[{"activeTime":8729811,"calorie":641.27997,"distance":12354.039,"type":1001},{"activeTime":1066247,"calorie":75.32629,"distance":1407.2291,"type":-1}],"age":29,"gender":"M","height":170.0,"stepCount":17586,"weight":65.0}