{"activityLevel":180004,"activityList":[{"activeTime":7104289,"calorie":399.64,"distance":9889.55,"type":1001},{"activeTime":505390,"calorie":31.338837,"distance":611.93835,"type":-1}],"age":31,"gender":"M","height":170.0,"stepCount":13379,"weight":65.0}