{"activityLevel":180004,"activityList":[{"activeTime":11126753,"calorie":681.20996,"distance":14267.52,"type":1001},{"activeTime":1817928,"calorie":122.94633,"distance":2494.4187,"type":-1}],"age":30,"gender":"M","height":170.0,"stepCount":21054,"weight":65.0}