{"activityLevel":180004,"activityList":[{"activeTime":7381569,"calorie":452.38995,"distance":9782.03,"type":1001},{"activeTime":2731302,"calorie":233.77655,"distance":4272.2104,"type":-1}],"age":30,"gender":"M","height":170.0,"stepCount":17163,"weight":65.0}