{"activityLevel":180004,"activityList":[{"activeTime":6192371,"calorie":409.89996,"distance":8069.84,"type":1001},{"activeTime":1645570,"calorie":107.062164,"distance":1994.9216,"type":-1}],"age":30,"gender":"M","height":170.0,"stepCount":13262,"weight":65.0}