{"activityLevel":180004,"activityList":[{"activeTime":5381766,"calorie":368.21997,"distance":7062.2197,"type":1001},{"activeTime":4182851,"calorie":265.47577,"distance":5144.3936,"type":-1}],"age":29,"gender":"M","height":170.0,"stepCount":15743,"weight":65.0}