{"activityLevel":180004,"activityList":[{"activeTime":7387757,"calorie":457.65002,"distance":9956.54,"type":1001},{"activeTime":418278,"calorie":24.502665,"distance":489.05164,"type":-1}],"age":30,"gender":"M","height":170.0,"stepCount":13565,"weight":65.0}