{"activityLevel":180004,"activityList":[{"activeTime":6037194,"calorie":371.49997,"distance":8160.9297,"type":1001},{"activeTime":3224562,"calorie":195.76485,"distance":3881.0732,"type":-1}],"age":31,"gender":"M","height":170.0,"stepCount":15738,"weight":65.0}