{"activityLevel":180004,"activityList":[{"activeTime":12654908,"calorie":721.24994,"distance":17411.49,"type":1001},{"activeTime":2750098,"calorie":168.46976,"distance":3504.113,"type":-1}],"age":31,"gender":"M","height":170.0,"stepCount":26974,"weight":65.0}