{"activityLevel":180004,"activityList":[{"activeTime":6613918,"calorie":474.96997,"distance":9189.51,"type":1001},{"activeTime":2243430,"calorie":146.44896,"distance":2888.4558,"type":-1}],"age":29,"gender":"M","height":170.0,"stepCount":15401,"weight":65.0}