{"activityLevel":180004,"activityList":[{"activeTime":6683952,"calorie":415.88998,"distance":9086.41,"type":1001},{"activeTime":1584447,"calorie":98.777306,"distance":1913.2246,"type":-1}],"age":30,"gender":"M","height":170.0,"stepCount":14268,"weight":65.0}