{"activityLevel":0,"activityList":[{"activeTime":2070000,"calorie":85.963776,"distance":1856.5168,"type":1001},{"activeTime":2732985,"calorie":127.186966,"distance":3292.8657,"type":-1}],"age":31,"gender":"M","height":170.0,"stepCount":6715,"weight":6.5}