{"activityLevel":180004,"activityList":[{"activeTime":6585570,"calorie":425.03998,"distance":8646.55,"type":1001},{"activeTime":1024047,"calorie":67.15164,"distance":1227.5417,"type":-1}],"age":30,"gender":"M","height":170.0,"stepCount":13008,"weight":65.0}