{"activityLevel":180004,"activityList":[{"activeTime":7132825,"calorie":401.34,"distance":9681.939,"type":1001},{"activeTime":292164,"calorie":18.32349,"distance":360.27142,"type":-1}],"age":29,"gender":"M","height":170.0,"stepCount":13009,"weight":65.0}