{"activityLevel":0,"activityList":[{"activeTime":4908781,"calorie":252.65001,"distance":6078.21,"type":1001},{"activeTime":3690848,"calorie":206.88298,"distance":4406.297,"type":-1}],"age":28,"gender":"M","height":170.0,"stepCount":14136,"weight":65.0}