{"activityLevel":0,"activityList":[{"activeTime":3121452,"calorie":156.29999,"distance":3710.38,"type":1001},{"activeTime":7503662,"calorie":394.19717,"distance":8789.104,"type":-1}],"age":28,"gender":"M","height":170.0,"stepCount":17211,"weight":65.0}