{"activityLevel":0,"activityList":[{"activeTime":12406292,"calorie":709.08997,"distance":16382.25,"type":1001},{"activeTime":2604585,"calorie":167.23935,"distance":3449.4512,"type":-1}],"age":29,"gender":"M","height":170.0,"stepCount":25332,"weight":65.0}