{"activityLevel":180004,"activityList":[{"activeTime":6987958,"calorie":456.62985,"distance":9170.748,"type":1001},{"activeTime":1857965,"calorie":124.07219,"distance":2356.1812,"type":-1}],"age":30,"gender":"M","height":170.0,"stepCount":14857,"weight":65.0}