{"activityLevel":180004,"activityList":[{"activeTime":6510966,"calorie":413.46002,"distance":8589.25,"type":1001},{"activeTime":4046884,"calorie":257.17566,"distance":5435.2925,"type":-1}],"age":30,"gender":"M","height":170.0,"stepCount":17522,"weight":65.0}