{"activityLevel":0,"activityList":[{"activeTime":5265307,"calorie":349.96002,"distance":6782.33,"type":1001},{"activeTime":5262008,"calorie":354.11505,"distance":6943.244,"type":-1}],"age":29,"gender":"M","height":170.0,"stepCount":17509,"weight":65.0}