{"activityLevel":0,"activityList":[{"activeTime":3343644,"calorie":178.15001,"distance":4274.43,"type":1001},{"activeTime":7875295,"calorie":395.78552,"distance":8530.112,"type":-1}],"age":28,"gender":"M","height":170.0,"stepCount":18108,"weight":65.0}