{"activityLevel":180004,"activityList":[{"activeTime":7048646,"calorie":484.40997,"distance":9191.87,"type":1001},{"activeTime":726756,"calorie":47.839813,"distance":887.52856,"type":-1}],"age":30,"gender":"M","height":170.0,"stepCount":13213,"weight":65.0}