{"activityLevel":0,"activityList":[{"activeTime":8882526,"calorie":458.27997,"distance":10883.501,"type":1001},{"activeTime":4337005,"calorie":214.97758,"distance":4965.862,"type":-1}],"age":28,"gender":"M","height":170.0,"stepCount":21953,"weight":65.0}