{"activityLevel":180004,"activityList":[{"activeTime":7392606,"calorie":421.97998,"distance":9873.44,"type":1001},{"activeTime":535159,"calorie":33.806652,"distance":623.4878,"type":-1}],"age":31,"gender":"M","height":170.0,"stepCount":13594,"weight":65.0}