{"activityLevel":0,"activityList":[{"activeTime":5789184,"calorie":294.53998,"distance":7064.5303,"type":1001},{"activeTime":2633722,"calorie":138.21895,"distance":3149.84,"type":-1}],"age":28,"gender":"M","height":170.0,"stepCount":13958,"weight":65.0}