{"activityLevel":0,"activityList":[{"activeTime":4202607,"calorie":222.37999,"distance":5323.7305,"type":1001},{"activeTime":3648522,"calorie":194.81625,"distance":4228.0776,"type":-1}],"age":28,"gender":"M","height":170.0,"stepCount":12911,"weight":65.0}