{"activityLevel":180004,"activityList":[{"activeTime":11989201,"calorie":666.14996,"distance":16836.36,"type":1001},{"activeTime":1960948,"calorie":119.082466,"distance":2379.0837,"type":-1}],"age":29,"gender":"M","height":170.0,"stepCount":24681,"weight":65.0}