{"activityLevel":0,"activityList":[{"activeTime":5846229,"calorie":303.59998,"distance":7316.0205,"type":1001},{"activeTime":3405738,"calorie":198.08827,"distance":4298.2686,"type":-1}],"age":28,"gender":"M","height":170.0,"stepCount":15555,"weight":65.0}