{"activityLevel":180004,"activityList":[{"activeTime":7084517,"calorie":489.10995,"distance":9212.61,"type":1001},{"activeTime":1452573,"calorie":92.88231,"distance":1757.4738,"type":-1}],"age":31,"gender":"M","height":170.0,"stepCount":14369,"weight":65.0}