{"activityLevel":0,"activityList":[{"activeTime":10511365,"calorie":774.12006,"distance":15118.529,"type":1001},{"activeTime":4810946,"calorie":343.39963,"distance":6536.102,"type":-1}],"age":29,"gender":"M","height":170.0,"stepCount":25976,"weight":65.0}