{"activityLevel":0,"activityList":[{"activeTime":2279000,"calorie":105.78052,"distance":2288.3047,"type":1001},{"activeTime":2131953,"calorie":110.117035,"distance":2610.7605,"type":-1}],"age":63,"gender":"M","height":170.0,"stepCount":6278,"weight":46.0}