{"activityLevel":0,"activityList":[{"activeTime":10584809,"calorie":843.0,"distance":44788.33,"type":11007},{"activeTime":2280000,"calorie":116.855225,"distance":2551.1406,"type":1001},{"activeTime":393223,"calorie":21.176542,"distance":468.70435,"type":-1}],"age":67,"gender":"M","height":170.0,"stepCount":7549,"weight":54.5}