{"activityLevel":0,"activityList":[{"activeTime":2152878,"calorie":148.12999,"distance":3018.92,"type":1001},{"activeTime":7799813,"calorie":496.10336,"distance":9693.188,"type":-1}],"age":67,"gender":"M","height":170.0,"stepCount":16765,"weight":65.0}