{"activityLevel":0,"activityList":[{"activeTime":3905293,"calorie":277.77002,"distance":5316.94,"type":1001},{"activeTime":4051965,"calorie":263.57147,"distance":4895.7085,"type":-1}],"age":30,"gender":"M","height":170.0,"stepCount":13466,"weight":65.0}