{"activityLevel":0,"activityList":[{"activeTime":2882804,"calorie":203.39001,"distance":3841.8398,"type":1001},{"activeTime":7089554,"calorie":461.62225,"distance":8713.745,"type":-1}],"age":67,"gender":"M","height":170.0,"stepCount":16496,"weight":65.0}