{"activityLevel":0,"activityList":[{"activeTime":2916348,"calorie":212.22998,"distance":4117.78,"type":1001},{"activeTime":5895062,"calorie":398.34497,"distance":7139.9043,"type":-1}],"age":30,"gender":"M","height":170.0,"stepCount":14745,"weight":65.0}