{"activityLevel":0,"activityList":[{"activeTime":2116000,"calorie":109.51172,"distance":2439.5312,"type":1001},{"activeTime":8614137,"calorie":436.17465,"distance":10321.549,"type":-1}],"age":67,"gender":"M","height":170.0,"stepCount":17078,"weight":54.5}