{"activityLevel":0,"activityList":[{"activeTime":1344000,"calorie":72.549805,"distance":1612.5781,"type":1001},{"activeTime":6511704,"calorie":335.50992,"distance":8001.12,"type":-1}],"age":67,"gender":"M","height":170.0,"stepCount":12710,"weight":54.5}