{"activityLevel":0,"activityList":[{"activeTime":720000,"calorie":34.365036,"distance":756.31006,"type":1001},{"activeTime":7089086,"calorie":491.6467,"distance":9129.871,"type":-1}],"age":64,"gender":"M","height":170.0,"stepCount":12712,"weight":65.0}