{"activityLevel":0,"activityList":[{"activeTime":779000,"calorie":39.629517,"distance":888.08496,"type":1001},{"activeTime":5000923,"calorie":331.7745,"distance":6480.7744,"type":-1}],"age":64,"gender":"M","height":170.0,"stepCount":9424,"weight":65.0}