{"activityLevel":0,"activityList":[{"activeTime":839515,"calorie":49.915787,"distance":1084.1069,"type":1001},{"activeTime":2879137,"calorie":156.92862,"distance":3424.6711,"type":-1}],"age":54,"gender":"M","height":170.0,"stepCount":5822,"weight":65.0}