{"activityLevel":180002,"activityList":[{"activeTime":1236281,"calorie":95.45998,"distance":1768.3801,"type":1001},{"activeTime":4033734,"calorie":276.19598,"distance":4900.466,"type":-1}],"age":57,"gender":"M","height":175.0,"stepCount":8364,"weight":75.0}