{"activityLevel":180002,"activityList":[{"activeTime":2217000,"calorie":122.16504,"distance":2299.0332,"type":1001},{"activeTime":2784797,"calorie":174.00414,"distance":3164.7932,"type":-1}],"age":59,"gender":"M","height":175.0,"stepCount":7392,"weight":74.0}