{"activityLevel":0,"activityList":[{"activeTime":1749937,"calorie":94.43213,"distance":2056.6836,"type":1001},{"activeTime":3478281,"calorie":208.30353,"distance":4435.6123,"type":-1}],"age":30,"gender":"M","height":170.0,"stepCount":8104,"weight":65.0}