{"activityLevel":180002,"activityList":[{"activeTime":1037000,"calorie":52.084473,"distance":976.5664,"type":1001},{"activeTime":4959000,"calorie":472.19,"distance":0.0,"type":0},{"activeTime":3803779,"calorie":241.34772,"distance":4468.8467,"type":-1}],"age":59,"gender":"M","height":175.0,"stepCount":12476,"weight":74.0}