{"activityLevel":180004,"activityList":[{"activeTime":7076236,"calorie":435.16,"distance":9677.5205,"type":1001},{"activeTime":417515,"calorie":24.548166,"distance":496.72952,"type":-1}],"age":30,"gender":"M","height":170.0,"stepCount":13209,"weight":65.0}