{"activityLevel":0,"activityList":[{"activeTime":2145251,"calorie":111.509995,"distance":2655.72,"type":1001},{"activeTime":3109796,"calorie":161.78226,"distance":3612.829,"type":-1}],"age":28,"gender":"M","height":170.0,"stepCount":8570,"weight":65.0}