{"activityLevel":0,"activityList":[{"activeTime":3456921,"calorie":170.04999,"distance":4025.0999,"type":1001},{"activeTime":3227501,"calorie":161.65363,"distance":3651.1772,"type":-1}],"age":28,"gender":"M","height":170.0,"stepCount":10707,"weight":65.0}