{"activityLevel":0,"activityList":[{"activeTime":13125612,"calorie":695.37994,"distance":16838.4,"type":1001},{"activeTime":4031279,"calorie":240.74336,"distance":5219.9795,"type":-1}],"age":28,"gender":"M","height":170.0,"stepCount":29455,"weight":65.0}