{"activityLevel":0,"activityList":[{"activeTime":7513400,"calorie":404.63998,"distance":9772.45,"type":1001},{"activeTime":2464956,"calorie":157.01682,"distance":3196.558,"type":-1}],"age":28,"gender":"M","height":170.0,"stepCount":17127,"weight":65.0}