{"activityLevel":180004,"activityList":[{"activeTime":10445298,"calorie":662.94006,"distance":13775.31,"type":1001},{"activeTime":3137735,"calorie":200.47368,"distance":4134.861,"type":-1}],"age":29,"gender":"M","height":170.0,"stepCount":22739,"weight":65.0}