{"activityLevel":0,"activityList":[{"activeTime":5928434,"calorie":400.99002,"distance":7840.57,"type":1001},{"activeTime":1665906,"calorie":108.803925,"distance":2076.133,"type":-1}],"age":29,"gender":"M","height":170.0,"stepCount":12919,"weight":65.0}