{"activityLevel":180004,"activityList":[{"activeTime":6322330,"calorie":360.08002,"distance":8794.369,"type":1001},{"activeTime":1622898,"calorie":103.194145,"distance":2021.5859,"type":-1}],"age":31,"gender":"M","height":170.0,"stepCount":13928,"weight":65.0}