{"activityLevel":180004,"activityList":[{"activeTime":9562736,"calorie":629.29004,"distance":12265.399,"type":1001},{"activeTime":5910119,"calorie":379.52222,"distance":7129.499,"type":-1}],"age":30,"gender":"M","height":170.0,"stepCount":25504,"weight":65.0}