{"activityLevel":180004,"activityList":[{"activeTime":7104706,"calorie":412.16998,"distance":9795.789,"type":1001},{"activeTime":948263,"calorie":56.064335,"distance":1184.3403,"type":-1}],"age":31,"gender":"M","height":170.0,"stepCount":14173,"weight":65.0}