{"activityLevel":0,"activityList":[{"activeTime":6236180,"calorie":405.13998,"distance":8255.49,"type":1001},{"activeTime":2238277,"calorie":142.94727,"distance":2698.9426,"type":-1}],"age":29,"gender":"M","height":170.0,"stepCount":14362,"weight":65.0}