{"activityLevel":180004,"activityList":[{"activeTime":6972954,"calorie":457.34998,"distance":9103.06,"type":1001},{"activeTime":4330987,"calorie":289.87823,"distance":6041.8105,"type":-1}],"age":30,"gender":"M","height":170.0,"stepCount":18871,"weight":65.0}