{"activityLevel":180004,"activityList":[{"activeTime":7881718,"calorie":505.86,"distance":10146.74,"type":1001},{"activeTime":299203,"calorie":18.422333,"distance":339.10184,"type":-1}],"age":31,"gender":"M","height":170.0,"stepCount":13731,"weight":65.0}