{"activityLevel":180004,"activityList":[{"activeTime":7485929,"calorie":494.14996,"distance":9587.949,"type":1001},{"activeTime":1282434,"calorie":84.06214,"distance":1539.2294,"type":-1}],"age":31,"gender":"M","height":170.0,"stepCount":14616,"weight":65.0}