{"activityLevel":0,"activityList":[{"activeTime":7747122,"calorie":464.93994,"distance":10151.51,"type":1001},{"activeTime":4762645,"calorie":299.34042,"distance":6132.9995,"type":-1}],"age":29,"gender":"M","height":170.0,"stepCount":20771,"weight":65.0}