{"activityLevel":0,"activityList":[{"activeTime":6986497,"calorie":377.34998,"distance":9079.46,"type":1001},{"activeTime":97625,"calorie":5.4926653,"distance":100.786995,"type":-1}],"age":28,"gender":"M","height":170.0,"stepCount":12541,"weight":65.0}