{"activityLevel":180004,"activityList":[{"activeTime":7201243,"calorie":421.0,"distance":10000.879,"type":1001},{"activeTime":333825,"calorie":19.849665,"distance":366.69998,"type":-1}],"age":31,"gender":"M","height":170.0,"stepCount":13443,"weight":65.0}