{"activityLevel":0,"activityList":[{"activeTime":3477307,"calorie":177.91998,"distance":4249.9404,"type":1001},{"activeTime":2601403,"calorie":135.81732,"distance":2809.8555,"type":-1}],"age":28,"gender":"M","height":170.0,"stepCount":9858,"weight":65.0}