{"activityLevel":180004,"activityList":[{"activeTime":7017541,"calorie":490.53998,"distance":9321.86,"type":1001},{"activeTime":3435908,"calorie":256.21475,"distance":4745.5312,"type":-1}],"age":31,"gender":"M","height":170.0,"stepCount":17709,"weight":65.0}