{"activityLevel":180003,"activityList":[{"activeTime":4466288,"calorie":291.33002,"distance":5451.7803,"type":1001},{"activeTime":4530916,"calorie":299.02283,"distance":5418.3564,"type":-1}],"age":56,"gender":"M","height":175.0,"stepCount":14215,"weight":75.0}