{"activityLevel":180002,"activityList":[{"activeTime":628379,"calorie":43.329998,"distance":845.5,"type":1001},{"activeTime":2433843,"calorie":155.90968,"distance":2962.8997,"type":-1}],"age":57,"gender":"M","height":175.0,"stepCount":4827,"weight":75.0}