{"activityLevel":0,"activityList":[{"activeTime":6456528,"calorie":395.61996,"distance":8571.79,"type":1001},{"activeTime":3159699,"calorie":199.55478,"distance":3985.3682,"type":-1}],"age":29,"gender":"M","height":170.0,"stepCount":16177,"weight":65.0}