{"activityLevel":0,"activityList":[{"activeTime":7770284,"calorie":405.16003,"distance":9625.08,"type":1001},{"activeTime":3360814,"calorie":174.98814,"distance":3764.7092,"type":-1}],"age":28,"gender":"M","height":170.0,"stepCount":18545,"weight":65.0}