{"activityLevel":0,"activityList":[{"activeTime":3807565,"calorie":259.78998,"distance":5026.4897,"type":1001},{"activeTime":4043235,"calorie":278.58994,"distance":5353.412,"type":-1}],"age":29,"gender":"M","height":170.0,"stepCount":12991,"weight":65.0}