{"activityLevel":180004,"activityList":[{"activeTime":6725306,"calorie":460.56998,"distance":8971.35,"type":1001},{"activeTime":2534253,"calorie":163.64876,"distance":3063.5088,"type":-1}],"age":31,"gender":"M","height":170.0,"stepCount":15629,"weight":65.0}