{"activityLevel":180004,"activityList":[{"activeTime":7646626,"calorie":448.84003,"distance":10324.779,"type":1001},{"activeTime":345311,"calorie":22.846834,"distance":415.04745,"type":-1}],"age":30,"gender":"M","height":170.0,"stepCount":13954,"weight":65.0}