{"activityLevel":180004,"activityList":[{"activeTime":7670186,"calorie":435.15997,"distance":10323.379,"type":1001},{"activeTime":1246128,"calorie":107.95916,"distance":2101.7239,"type":-1}],"age":29,"gender":"M","height":170.0,"stepCount":15547,"weight":65.0}