{"activityLevel":0,"activityList":[{"activeTime":6740438,"calorie":343.40002,"distance":8246.141,"type":1001},{"activeTime":3990465,"calorie":200.99756,"distance":4474.7803,"type":-1}],"age":28,"gender":"M","height":170.0,"stepCount":17543,"weight":65.0}