{"activityLevel":0,"activityList":[{"activeTime":6090334,"calorie":364.66998,"distance":8096.94,"type":1001},{"activeTime":3315484,"calorie":217.44193,"distance":4329.5884,"type":-1}],"age":29,"gender":"M","height":170.0,"stepCount":15765,"weight":65.0}