{"activityLevel":180004,"activityList":[{"activeTime":7372747,"calorie":501.65002,"distance":9592.52,"type":1001},{"activeTime":776472,"calorie":50.483307,"distance":927.18555,"type":-1}],"age":30,"gender":"M","height":170.0,"stepCount":13894,"weight":65.0}