{"activityLevel":0,"activityList":[{"activeTime":7001979,"calorie":481.41998,"distance":9210.83,"type":1001},{"activeTime":1117991,"calorie":73.24796,"distance":1387.4481,"type":-1}],"age":29,"gender":"M","height":170.0,"stepCount":13801,"weight":65.0}