{"activityLevel":0,"activityList":[{"activeTime":4914761,"calorie":326.21002,"distance":6307.44,"type":1001},{"activeTime":4672225,"calorie":312.89523,"distance":6020.956,"type":-1}],"age":29,"gender":"M","height":170.0,"stepCount":15781,"weight":65.0}