{"activityLevel":180004,"activityList":[{"activeTime":7210837,"calorie":445.86996,"distance":9516.659,"type":1001},{"activeTime":3399338,"calorie":218.77345,"distance":4332.4404,"type":-1}],"age":29,"gender":"M","height":170.0,"stepCount":17526,"weight":65.0}