{"activityLevel":180004,"activityList":[{"activeTime":10839016,"calorie":670.77997,"distance":14829.059,"type":1001},{"activeTime":1248642,"calorie":77.749306,"distance":1529.3201,"type":-1}],"age":29,"gender":"M","height":170.0,"stepCount":20980,"weight":65.0}