{"activityLevel":0,"activityList":[{"activeTime":2847000,"calorie":3.7910156,"distance":95.51953,"type":1001},{"activeTime":1063715,"calorie":58.25354,"distance":1375.9883,"type":-1}],"age":31,"gender":"M","height":170.0,"stepCount":1732,"weight":64.6}