{"activityLevel":0,"activityList":[{"activeTime":1943615,"calorie":144.56262,"distance":2951.4453,"type":1001},{"activeTime":2905587,"calorie":191.53995,"distance":3970.2976,"type":-1}],"age":30,"gender":"M","height":170.0,"stepCount":8127,"weight":65.0}