{"activityLevel":0,"activityList":[{"activeTime":2998214,"calorie":236.83984,"distance":4779.129,"type":1001},{"activeTime":5580035,"calorie":334.26456,"distance":7186.1895,"type":-1}],"age":30,"gender":"M","height":170.0,"stepCount":14407,"weight":65.0}