{"activityLevel":180002,"activityList":[{"activeTime":713553,"calorie":52.719997,"distance":961.56,"type":1001},{"activeTime":5241258,"calorie":333.77487,"distance":5841.2183,"type":-1}],"age":58,"gender":"M","height":175.0,"stepCount":9228,"weight":75.0}