{"activityLevel":180002,"activityList":[{"activeTime":5213784,"calorie":349.35626,"distance":6406.46,"type":1001},{"activeTime":1106019,"calorie":70.451164,"distance":1266.3109,"type":-1}],"age":59,"gender":"M","height":175.0,"stepCount":10234,"weight":75.0}