{"activityLevel":180003,"activityList":[{"activeTime":979497,"calorie":66.269966,"distance":1198.6898,"type":1001},{"activeTime":4715593,"calorie":332.48077,"distance":6030.594,"type":-1}],"age":56,"gender":"M","height":175.0,"stepCount":9135,"weight":75.0}