{"activityLevel":0,"activityList":[{"activeTime":2377000,"calorie":124.813934,"distance":2567.75,"type":1001},{"activeTime":3928307,"calorie":236.84177,"distance":4567.6514,"type":-1}],"age":63,"gender":"M","height":170.0,"stepCount":9438,"weight":80.2}