{"activityLevel":0,"activityList":[{"activeTime":2003000,"calorie":107.11182,"distance":2387.0156,"type":1001},{"activeTime":6766231,"calorie":343.69418,"distance":7997.278,"type":-1}],"age":67,"gender":"M","height":170.0,"stepCount":13749,"weight":54.5}