{"activityLevel":0,"activityList":[{"activeTime":2237314,"calorie":142.73999,"distance":3051.45,"type":1001},{"activeTime":5157823,"calorie":317.09592,"distance":6427.257,"type":-1}],"age":31,"gender":"M","height":170.0,"stepCount":12444,"weight":65.0}