{"activityLevel":0,"activityList":[{"activeTime":7112575,"calorie":506.00003,"distance":8200.9795,"type":1001},{"activeTime":1929203,"calorie":133.25533,"distance":2043.4716,"type":-1}],"age":30,"gender":"M","height":170.0,"stepCount":15016,"weight":65.0}