{"activityLevel":0,"activityList":[{"activeTime":952000,"calorie":42.890747,"distance":943.3242,"type":1001},{"activeTime":4353470,"calorie":285.23993,"distance":5505.7925,"type":-1}],"age":64,"gender":"M","height":170.0,"stepCount":8430,"weight":65.0}