{"activityLevel":0,"activityList":[{"activeTime":1599724,"calorie":120.119995,"distance":2231.6401,"type":1001},{"activeTime":7084414,"calorie":478.61652,"distance":8765.048,"type":-1}],"age":31,"gender":"M","height":170.0,"stepCount":14606,"weight":65.0}