{"activityLevel":0,"activityList":[{"activeTime":2333000,"calorie":121.33545,"distance":2651.502,"type":1001},{"activeTime":5761794,"calorie":288.62326,"distance":6987.502,"type":-1}],"age":67,"gender":"M","height":170.0,"stepCount":12765,"weight":54.5}