{"activityLevel":0,"activityList":[{"activeTime":1592597,"calorie":91.729996,"distance":1967.5701,"type":1001},{"activeTime":5902240,"calorie":360.71927,"distance":7260.8813,"type":-1}],"age":30,"gender":"M","height":170.0,"stepCount":12327,"weight":65.0}