{"activityLevel":0,"activityList":[{"activeTime":2167187,"calorie":131.48999,"distance":2793.5898,"type":1001},{"activeTime":9349903,"calorie":565.03046,"distance":11557.173,"type":-1}],"age":31,"gender":"M","height":170.0,"stepCount":19199,"weight":65.0}