{"activityLevel":0,"activityList":[{"activeTime":6539934,"calorie":442.47998,"distance":8799.67,"type":1001},{"activeTime":5904192,"calorie":362.93854,"distance":7096.5454,"type":-1}],"age":31,"gender":"M","height":170.0,"stepCount":21214,"weight":65.0}