{"activityLevel":0,"activityList":[{"activeTime":3517000,"calorie":173.66821,"distance":3820.6445,"type":1001},{"activeTime":1957000,"calorie":163.28,"distance":0.0,"type":0},{"activeTime":5050577,"calorie":248.77684,"distance":5972.529,"type":-1}],"age":67,"gender":"M","height":170.0,"stepCount":13433,"weight":54.5}