{"activityLevel":0,"activityList":[{"activeTime":10863800,"calorie":1066.0,"distance":47146.54,"type":11007},{"activeTime":1755692,"calorie":109.97,"distance":2024.63,"type":1001},{"activeTime":101378,"calorie":5.8854165,"distance":112.44252,"type":-1}],"age":67,"gender":"M","height":170.0,"stepCount":14062,"weight":65.0}