{"activityLevel":0,"activityList":[{"activeTime":4280000,"calorie":231.69922,"distance":5202.453,"type":1001},{"activeTime":2137000,"calorie":175.69,"distance":0.0,"type":0},{"activeTime":2293000,"calorie":111.80313,"distance":1286.3628,"type":1002},{"activeTime":3620296,"calorie":190.90343,"distance":4528.396,"type":-1}],"age":67,"gender":"M","height":170.0,"stepCount":17048,"weight":54.5}