{"activityLevel":180002,"activityList":[{"activeTime":1637000,"calorie":99.00891,"distance":1801.7344,"type":1001},{"activeTime":5548559,"calorie":358.01938,"distance":6332.3853,"type":-1}],"age":59,"gender":"M","height":175.0,"stepCount":10946,"weight":75.0}