{"activityLevel":180002,"activityList":[{"activeTime":2917000,"calorie":183.79178,"distance":3467.984,"type":1001},{"activeTime":7230014,"calorie":459.39355,"distance":8164.2627,"type":-1}],"age":58,"gender":"M","height":175.0,"stepCount":15389,"weight":75.0}