{"activityLevel":180002,"activityList":[{"activeTime":913000,"calorie":82.55,"distance":0.0,"type":0},{"activeTime":2158000,"calorie":127.64998,"distance":2448.3115,"type":1001},{"activeTime":5210861,"calorie":325.82306,"distance":5991.337,"type":-1}],"age":59,"gender":"M","height":175.0,"stepCount":12221,"weight":74.0}