{"activityLevel":180002,"activityList":[{"activeTime":2278000,"calorie":111.24487,"distance":2100.3047,"type":1001},{"activeTime":2973000,"calorie":277.51,"distance":0.0,"type":0},{"activeTime":5655167,"calorie":355.27283,"distance":6526.4873,"type":-1}],"age":59,"gender":"M","height":175.0,"stepCount":15049,"weight":74.0}