{"activityLevel":180002,"activityList":[{"activeTime":2058000,"calorie":110.14162,"distance":2034.2954,"type":1001},{"activeTime":1451791,"calorie":88.57287,"distance":1654.3373,"type":-1}],"age":59,"gender":"M","height":175.0,"stepCount":5065,"weight":74.0}