{"activityLevel":0,"activityList":[{"activeTime":1811000,"calorie":91.040184,"distance":1988.0405,"type":1001},{"activeTime":2771082,"calorie":186.33792,"distance":3571.0208,"type":-1}],"age":64,"gender":"M","height":170.0,"stepCount":7229,"weight":65.0}