{"activityLevel":0,"activityList":[{"activeTime":941000,"calorie":37.867096,"distance":824.73926,"type":1001},{"activeTime":2945720,"calorie":195.55728,"distance":3827.8154,"type":-1}],"age":64,"gender":"M","height":170.0,"stepCount":6073,"weight":65.0}