{"activityLevel":0,"activityList":[{"activeTime":1732000,"calorie":78.07605,"distance":1689.3828,"type":1001},{"activeTime":2578858,"calorie":160.66461,"distance":3203.363,"type":-1}],"age":64,"gender":"M","height":170.0,"stepCount":6496,"weight":65.0}