{"activityLevel":0,"activityList":[{"activeTime":2518000,"calorie":126.58665,"distance":2766.9219,"type":1001},{"activeTime":1740296,"calorie":94.55097,"distance":2246.0364,"type":-1}],"age":63,"gender":"M","height":170.0,"stepCount":6413,"weight":46.0}