{"activityLevel":0,"activityList":[{"activeTime":3750000,"calorie":228.12538,"distance":5057.801,"type":1001},{"activeTime":2708652,"calorie":139.09406,"distance":3277.5613,"type":-1}],"age":63,"gender":"M","height":170.0,"stepCount":11003,"weight":46.0}