{"activityLevel":0,"activityList":[{"activeTime":766000,"calorie":28.353088,"distance":601.7324,"type":1001},{"activeTime":2717227,"calorie":147.28365,"distance":3211.5093,"type":-1}],"age":42,"gender":"M","height":170.0,"stepCount":5092,"weight":65.0}