{"activityLevel":0,"activityList":[{"activeTime":3284010,"calorie":267.62552,"distance":0.0,"type":11004},{"activeTime":18717573,"calorie":425.93365,"distance":7932.81,"type":3001},{"activeTime":4025763,"calorie":215.77635,"distance":4626.416,"type":-1}],"age":64,"gender":"M","height":170.0,"stepCount":9351,"weight":65.0}