{"activityLevel":0,"activityList":[{"activeTime":3549000,"calorie":178.70496,"distance":3932.1719,"type":1001},{"activeTime":2461420,"calorie":170.46767,"distance":3252.9246,"type":-1}],"age":64,"gender":"M","height":170.0,"stepCount":9600,"weight":65.0}