{"activityLevel":0,"activityList":[{"activeTime":21426000,"calorie":191.26402,"distance":4057.3965,"type":1001},{"activeTime":3090360,"calorie":207.35858,"distance":4091.053,"type":-1}],"age":64,"gender":"M","height":170.0,"stepCount":12491,"weight":65.0}