{"activityLevel":0,"activityList":[{"activeTime":1491000,"calorie":80.494934,"distance":1776.1145,"type":1001},{"activeTime":3464870,"calorie":238.79318,"distance":4531.7207,"type":-1}],"age":64,"gender":"M","height":170.0,"stepCount":8136,"weight":65.0}