{"activityLevel":0,"activityList":[{"activeTime":795000,"calorie":44.236572,"distance":1025.4844,"type":1001},{"activeTime":7020348,"calorie":411.75287,"distance":8284.281,"type":-1}],"age":42,"gender":"M","height":170.0,"stepCount":12317,"weight":65.0}