{"activityLevel":0,"activityList":[{"activeTime":980000,"calorie":73.96987,"distance":995.15137,"type":1001},{"activeTime":5833423,"calorie":374.5271,"distance":7275.0073,"type":-1}],"age":60,"gender":"M","height":170.0,"stepCount":11165,"weight":83.6}