{"activityLevel":0,"activityList":[{"activeTime":1352000,"calorie":64.78717,"distance":1401.0254,"type":1001},{"activeTime":3407545,"calorie":115.013885,"distance":4127.659,"type":-1}],"age":31,"gender":"M","height":170.0,"stepCount":7270,"weight":6.5}