{"activityLevel":0,"activityList":[{"activeTime":5060000,"calorie":237.04834,"distance":5086.7383,"type":1001},{"activeTime":2739036,"calorie":173.41867,"distance":3324.863,"type":-1}],"age":63,"gender":"M","height":170.0,"stepCount":11806,"weight":80.2}