{"activityLevel":0,"activityList":[{"activeTime":1317000,"calorie":61.111504,"distance":1346.8496,"type":1001},{"activeTime":3428313,"calorie":167.14032,"distance":4173.0996,"type":-1}],"age":63,"gender":"M","height":170.0,"stepCount":7042,"weight":46.0}