{"activityLevel":0,"activityList":[{"activeTime":2911000,"calorie":186.25336,"distance":4201.6055,"type":1001},{"activeTime":2278444,"calorie":108.74163,"distance":2660.3494,"type":-1}],"age":63,"gender":"M","height":170.0,"stepCount":9051,"weight":46.0}