{"activityLevel":0,"activityList":[{"activeTime":3073000,"calorie":197.28711,"distance":4324.086,"type":1001},{"activeTime":3089625,"calorie":145.60886,"distance":3717.2412,"type":-1}],"age":63,"gender":"M","height":170.0,"stepCount":10405,"weight":46.0}