{"activityLevel":0,"activityList":[{"activeTime":2999000,"calorie":183.31888,"distance":3029.594,"type":1001},{"activeTime":1232563,"calorie":96.44022,"distance":1769.8696,"type":-1}],"age":59,"gender":"M","height":170.0,"stepCount":7240,"weight":83.6}