{"activityLevel":0,"activityList":[{"activeTime":11018598,"calorie":703.73004,"distance":14038.5,"type":1001},{"activeTime":3233067,"calorie":202.02751,"distance":3979.3582,"type":-1}],"age":29,"gender":"M","height":170.0,"stepCount":23501,"weight":65.0}