{"activityLevel":180004,"activityList":[{"activeTime":2174319,"calorie":146.73999,"distance":2779.94,"type":1001},{"activeTime":6844553,"calorie":435.25446,"distance":8153.703,"type":-1}],"age":31,"gender":"M","height":170.0,"stepCount":14607,"weight":65.0}