{"activityLevel":180004,"activityList":[{"activeTime":36000,"calorie":0.22287318,"distance":0.0,"type":1001},{"activeTime":10134384,"calorie":617.12427,"distance":12944.469,"type":-1}],"age":70,"gender":"M","height":170.0,"stepCount":17173,"weight":65.0}