{"activityLevel":180004,"activityList":[{"activeTime":7135544,"calorie":480.88998,"distance":9336.1,"type":1001},{"activeTime":3770213,"calorie":238.10313,"distance":5023.6074,"type":-1}],"age":29,"gender":"M","height":170.0,"stepCount":18284,"weight":65.0}