{"activityLevel":180004,"activityList":[{"activeTime":665048,"calorie":41.260002,"distance":825.73,"type":1001},{"activeTime":337718,"calorie":21.844164,"distance":456.13916,"type":-1}],"age":30,"gender":"M","height":170.0,"stepCount":1600,"weight":65.0}