{"activityLevel":0,"activityList":[{"activeTime":5269530,"calorie":326.30002,"distance":7138.7495,"type":1001},{"activeTime":2974200,"calorie":192.09009,"distance":3755.3167,"type":-1}],"age":29,"gender":"M","height":170.0,"stepCount":14041,"weight":65.0}