{"activityLevel":0,"activityList":[{"activeTime":7527607,"calorie":391.64996,"distance":9358.35,"type":1001},{"activeTime":1554380,"calorie":108.370155,"distance":2112.9937,"type":-1}],"age":28,"gender":"M","height":170.0,"stepCount":15272,"weight":65.0}