{"activityLevel":0,"activityList":[{"activeTime":5800026,"calorie":396.02002,"distance":7716.2,"type":1001},{"activeTime":3308048,"calorie":219.34998,"distance":4392.9976,"type":-1}],"age":28,"gender":"M","height":170.0,"stepCount":15390,"weight":65.0}