{"activityLevel":180004,"activityList":[{"activeTime":13604262,"calorie":875.01996,"distance":18304.62,"type":1001},{"activeTime":1822658,"calorie":119.898926,"distance":2280.015,"type":-1}],"age":31,"gender":"M","height":170.0,"stepCount":26657,"weight":65.0}