{"activityLevel":180004,"activityList":[{"activeTime":7513859,"calorie":435.21002,"distance":10030.55,"type":1001},{"activeTime":733642,"calorie":46.218998,"distance":858.913,"type":-1}],"age":31,"gender":"M","height":170.0,"stepCount":14252,"weight":65.0}