{"activityLevel":180004,"activityList":[{"activeTime":6343786,"calorie":436.63998,"distance":8433.09,"type":1001},{"activeTime":4137477,"calorie":267.88007,"distance":5505.9756,"type":-1}],"age":29,"gender":"M","height":170.0,"stepCount":17676,"weight":65.0}