{"activityLevel":0,"activityList":[{"activeTime":7195129,"calorie":394.77997,"distance":9371.819,"type":1001},{"activeTime":4972324,"calorie":306.25626,"distance":6495.454,"type":-1}],"age":28,"gender":"M","height":170.0,"stepCount":20691,"weight":65.0}