{"activityLevel":0,"activityList":[{"activeTime":5507508,"calorie":330.12003,"distance":7403.7397,"type":1001},{"activeTime":3085731,"calorie":200.27092,"distance":3846.7598,"type":-1}],"age":29,"gender":"M","height":170.0,"stepCount":14564,"weight":65.0}