{"activityLevel":180004,"activityList":[{"activeTime":7411533,"calorie":511.07996,"distance":9847.439,"type":1001},{"activeTime":1451715,"calorie":95.72883,"distance":1873.7107,"type":-1}],"age":70,"gender":"M","height":170.0,"stepCount":14871,"weight":65.0}