{"activityLevel":180004,"activityList":[{"activeTime":6958290,"calorie":500.27997,"distance":9537.37,"type":1001},{"activeTime":1184625,"calorie":80.91213,"distance":1423.463,"type":-1}],"age":31,"gender":"M","height":170.0,"stepCount":14249,"weight":65.0}