{"activityLevel":180004,"activityList":[{"activeTime":6736691,"calorie":379.43997,"distance":9100.46,"type":1001},{"activeTime":641830,"calorie":39.479313,"distance":825.47424,"type":-1}],"age":29,"gender":"M","height":170.0,"stepCount":12860,"weight":65.0}