{"activityLevel":180004,"activityList":[{"activeTime":5496645,"calorie":346.21,"distance":7092.1904,"type":1001},{"activeTime":230975,"calorie":13.871832,"distance":262.11517,"type":-1}],"age":31,"gender":"M","height":170.0,"stepCount":9605,"weight":65.0}