{"activityLevel":180004,"activityList":[{"activeTime":6980801,"calorie":395.16998,"distance":9597.81,"type":1001},{"activeTime":868703,"calorie":58.188484,"distance":1138.1094,"type":-1}],"age":29,"gender":"M","height":170.0,"stepCount":13808,"weight":65.0}