{"activityLevel":180004,"activityList":[{"activeTime":7235380,"calorie":409.73004,"distance":10323.2,"type":1001},{"activeTime":525783,"calorie":31.137999,"distance":639.27655,"type":-1}],"age":31,"gender":"M","height":170.0,"stepCount":14043,"weight":65.0}