{"activityLevel":0,"activityList":[{"activeTime":3191000,"calorie":201.60803,"distance":4515.2266,"type":1001},{"activeTime":2201531,"calorie":107.788315,"distance":2584.7502,"type":-1}],"age":63,"gender":"M","height":170.0,"stepCount":9326,"weight":46.0}