{"activityLevel":0,"activityList":[{"activeTime":767000,"calorie":37.062866,"distance":815.28906,"type":1001},{"activeTime":3756259,"calorie":192.15028,"distance":4565.763,"type":-1}],"age":63,"gender":"M","height":170.0,"stepCount":6911,"weight":46.0}