{"activityLevel":0,"activityList":[{"activeTime":2573000,"calorie":151.79199,"distance":3385.3828,"type":1001},{"activeTime":1890017,"calorie":99.166084,"distance":2375.239,"type":-1}],"age":63,"gender":"M","height":170.0,"stepCount":7565,"weight":46.0}