{"activityLevel":0,"activityList":[{"activeTime":2127000,"calorie":114.94413,"distance":2547.8848,"type":1001},{"activeTime":2887800,"calorie":130.53554,"distance":3514.5134,"type":-1}],"age":63,"gender":"M","height":170.0,"stepCount":7804,"weight":46.0}