{"activityLevel":0,"activityList":[{"activeTime":1516000,"calorie":86.183105,"distance":1894.0391,"type":1001},{"activeTime":3035928,"calorie":154.74306,"distance":3760.6484,"type":-1}],"age":63,"gender":"M","height":170.0,"stepCount":7272,"weight":46.0}