{"activityLevel":0,"activityList":[{"activeTime":21377000,"calorie":2593.7021,"distance":0.0,"type":15002},{"activeTime":158000,"calorie":6.059327,"distance":90.04641,"type":1002},{"activeTime":998000,"calorie":74.21,"distance":0.0,"type":0},{"activeTime":4198698,"calorie":209.70969,"distance":5827.7656,"type":-1}],"age":63,"gender":"M","height":170.0,"stepCount":8032,"weight":46.0}