{"activityLevel":0,"activityList":[{"activeTime":2514000,"calorie":131.44287,"distance":2857.539,"type":1001},{"activeTime":2209439,"calorie":113.79363,"distance":2696.5718,"type":-1}],"age":63,"gender":"M","height":170.0,"stepCount":7146,"weight":46.0}