{"activityLevel":0,"activityList":[{"activeTime":700000,"calorie":32.556396,"distance":705.2793,"type":1001},{"activeTime":3475415,"calorie":218.84099,"distance":4197.7803,"type":-1}],"age":63,"gender":"M","height":170.0,"stepCount":6478,"weight":80.2}