{"activityLevel":0,"activityList":[{"activeTime":2562614,"calorie":151.67126,"distance":2965.507,"type":1001},{"activeTime":5283576,"calorie":321.95093,"distance":6128.3193,"type":-1}],"age":63,"gender":"M","height":170.0,"stepCount":11979,"weight":80.2}