{"activityLevel":0,"activityList":[{"activeTime":3985000,"calorie":183.21655,"distance":3741.0898,"type":1001},{"activeTime":4414167,"calorie":273.30087,"distance":5124.959,"type":-1}],"age":63,"gender":"M","height":170.0,"stepCount":13012,"weight":80.2}