{"activityLevel":0,"activityList":[{"activeTime":2139000,"calorie":112.25818,"distance":2374.2778,"type":1001},{"activeTime":3538621,"calorie":229.68103,"distance":4503.3647,"type":-1}],"age":63,"gender":"M","height":170.0,"stepCount":9069,"weight":80.2}