{"activityLevel":0,"activityList":[{"activeTime":1516000,"calorie":90.54578,"distance":1995.8555,"type":1001},{"activeTime":2895558,"calorie":152.33766,"distance":3517.4648,"type":-1}],"age":63,"gender":"M","height":170.0,"stepCount":6986,"weight":46.0}