{"activityLevel":0,"activityList":[{"activeTime":3634000,"calorie":226.34839,"distance":5071.8984,"type":1001},{"activeTime":2205304,"calorie":118.35604,"distance":2837.9463,"type":-1}],"age":63,"gender":"M","height":170.0,"stepCount":10254,"weight":46.0}