{"activityLevel":0,"activityList":[{"activeTime":1503000,"calorie":81.08387,"distance":1640.5813,"type":1002},{"activeTime":3056970,"calorie":172.92937,"distance":3655.8408,"type":-1}],"age":42,"gender":"M","height":170.0,"stepCount":7097,"weight":65.0}