{"activityLevel":0,"activityList":[{"activeTime":1566000,"calorie":77.88135,"distance":1707.7305,"type":1001},{"activeTime":1724683,"calorie":112.00206,"distance":2263.4875,"type":-1}],"age":64,"gender":"M","height":170.0,"stepCount":5209,"weight":65.0}