{"activityLevel":0,"activityList":[{"activeTime":967000,"calorie":42.700752,"distance":927.63904,"type":1001},{"activeTime":3435395,"calorie":232.49059,"distance":4454.712,"type":-1}],"age":64,"gender":"M","height":170.0,"stepCount":7099,"weight":65.0}