{"activityLevel":0,"activityList":[{"activeTime":777000,"calorie":32.362305,"distance":700.59375,"type":1001},{"activeTime":1534372,"calorie":96.86787,"distance":1873.7865,"type":-1}],"age":64,"gender":"M","height":170.0,"stepCount":3455,"weight":65.0}