{"activityLevel":0,"activityList":[{"activeTime":4955000,"calorie":263.97318,"distance":5627.091,"type":1001},{"activeTime":5243756,"calorie":314.20352,"distance":6171.2417,"type":-1}],"age":63,"gender":"M","height":170.0,"stepCount":15769,"weight":80.2}