{"activityLevel":0,"activityList":[{"activeTime":4079000,"calorie":241.30579,"distance":5320.7246,"type":1001},{"activeTime":5536756,"calorie":354.30136,"distance":6561.1357,"type":-1}],"age":63,"gender":"M","height":170.0,"stepCount":15895,"weight":80.2}