{"activityLevel":0,"activityList":[{"activeTime":1394000,"calorie":97.369995,"distance":0.0,"type":0},{"activeTime":767000,"calorie":28.125275,"distance":584.3418,"type":1001},{"activeTime":2416717,"calorie":143.21536,"distance":2898.8455,"type":-1}],"age":63,"gender":"M","height":170.0,"stepCount":5012,"weight":80.2}