{"activityLevel":0,"activityList":[{"activeTime":5223000,"calorie":277.56418,"distance":6035.62,"type":1001},{"activeTime":1158019,"calorie":69.03829,"distance":1434.4081,"type":-1}],"age":64,"gender":"M","height":170.0,"stepCount":10873,"weight":65.0}