{"activityLevel":180002,"activityList":[{"activeTime":1748628,"calorie":113.54998,"distance":2111.98,"type":1001},{"activeTime":5821012,"calorie":374.69724,"distance":6915.5063,"type":-1}],"age":57,"gender":"M","height":175.0,"stepCount":11800,"weight":75.0}