{"activityLevel":180002,"activityList":[{"activeTime":1952081,"calorie":139.86,"distance":2672.79,"type":1001},{"activeTime":689877,"calorie":42.29883,"distance":757.17194,"type":-1}],"age":58,"gender":"M","height":175.0,"stepCount":4464,"weight":75.0}