{"activityLevel":180004,"activityList":[{"activeTime":5836601,"calorie":383.68997,"distance":7620.79,"type":1001},{"activeTime":1153679,"calorie":77.00918,"distance":1407.5566,"type":-1}],"age":30,"gender":"M","height":170.0,"stepCount":11886,"weight":65.0}