{"activityLevel":180004,"activityList":[{"activeTime":5923007,"calorie":403.83002,"distance":7692.4697,"type":1001},{"activeTime":3371586,"calorie":211.64542,"distance":4019.9268,"type":-1}],"age":31,"gender":"M","height":170.0,"stepCount":15424,"weight":65.0}