{"activityLevel":180004,"activityList":[{"activeTime":4742749,"calorie":329.41998,"distance":6347.13,"type":1001},{"activeTime":2694006,"calorie":178.44264,"distance":3318.1973,"type":-1}],"age":31,"gender":"M","height":170.0,"stepCount":12628,"weight":65.0}