{"activityLevel":180004,"activityList":[{"activeTime":7612418,"calorie":458.87003,"distance":9924.58,"type":1001},{"activeTime":728936,"calorie":45.415485,"distance":864.8958,"type":-1}],"age":31,"gender":"M","height":170.0,"stepCount":14069,"weight":65.0}