{"activityLevel":180004,"activityList":[{"activeTime":6948141,"calorie":389.84998,"distance":9720.34,"type":1001},{"activeTime":2539744,"calorie":161.58218,"distance":3347.304,"type":-1}],"age":29,"gender":"M","height":170.0,"stepCount":16514,"weight":65.0}