{"activityLevel":180004,"activityList":[{"activeTime":5936377,"calorie":396.83002,"distance":7617.8296,"type":1001},{"activeTime":6967176,"calorie":442.78632,"distance":9499.834,"type":-1}],"age":30,"gender":"M","height":170.0,"stepCount":21067,"weight":65.0}