{"activityLevel":180004,"activityList":[{"activeTime":6874823,"calorie":454.46997,"distance":8869.811,"type":1001},{"activeTime":2331597,"calorie":157.81834,"distance":3025.736,"type":-1}],"age":30,"gender":"M","height":170.0,"stepCount":15337,"weight":65.0}