{"activityLevel":180004,"activityList":[{"activeTime":13796054,"calorie":951.31006,"distance":17840.89,"type":1001},{"activeTime":2378601,"calorie":155.61096,"distance":2916.88,"type":-1}],"age":31,"gender":"M","height":170.0,"stepCount":27384,"weight":65.0}