{"activityLevel":180004,"activityList":[{"activeTime":6927738,"calorie":474.86996,"distance":9323.3,"type":1001},{"activeTime":2852822,"calorie":179.95625,"distance":3376.202,"type":-1}],"age":31,"gender":"M","height":170.0,"stepCount":16677,"weight":65.0}