{"activityLevel":180004,"activityList":[{"activeTime":8394053,"calorie":926.81,"distance":16634.88,"type":1001},{"activeTime":462459,"calorie":32.394997,"distance":541.97424,"type":-1}],"age":31,"gender":"M","height":170.0,"stepCount":17935,"weight":65.0}