{"activityLevel":180004,"activityList":[{"activeTime":6852076,"calorie":415.87997,"distance":9203.02,"type":1001},{"activeTime":1141974,"calorie":94.69931,"distance":1660.4321,"type":-1}],"age":30,"gender":"M","height":170.0,"stepCount":13912,"weight":65.0}