{"activityLevel":180002,"activityList":[{"activeTime":1384818,"calorie":97.909996,"distance":1553.58,"type":1001},{"activeTime":4802435,"calorie":320.41238,"distance":5520.573,"type":-1}],"age":59,"gender":"M","height":175.0,"stepCount":9686,"weight":75.0}