{"activityLevel":0,"activityList":[{"activeTime":3028000,"calorie":148.73787,"distance":3201.8315,"type":1001},{"activeTime":3569100,"calorie":215.59605,"distance":4207.215,"type":-1}],"age":63,"gender":"M","height":170.0,"stepCount":9714,"weight":80.2}