{"activityLevel":0,"activityList":[{"activeTime":1555000,"calorie":68.73471,"distance":1509.2344,"type":1001},{"activeTime":3559904,"calorie":241.11533,"distance":4702.8745,"type":-1}],"age":64,"gender":"M","height":170.0,"stepCount":8357,"weight":65.0}