{"activityLevel":0,"activityList":[{"activeTime":2842000,"calorie":122.25464,"distance":2637.4658,"type":1001},{"activeTime":3203306,"calorie":228.03517,"distance":4402.081,"type":-1}],"age":64,"gender":"M","height":170.0,"stepCount":10087,"weight":65.0}