{"activityLevel":0,"activityList":[{"activeTime":1728000,"calorie":83.71362,"distance":1807.1367,"type":1001},{"activeTime":4611128,"calorie":309.59332,"distance":6148.3086,"type":-1}],"age":64,"gender":"M","height":170.0,"stepCount":10177,"weight":65.0}