{"activityLevel":180002,"activityList":[{"activeTime":3056000,"calorie":149.09607,"distance":2779.4512,"type":1001},{"activeTime":6085723,"calorie":378.98645,"distance":6979.3296,"type":-1}],"age":59,"gender":"M","height":175.0,"stepCount":13049,"weight":74.0}