{"activityLevel":180004,"activityList":[{"activeTime":8209051,"calorie":508.03998,"distance":11697.77,"type":1001},{"activeTime":4369260,"calorie":275.56683,"distance":5750.7114,"type":-1}],"age":30,"gender":"M","height":170.0,"stepCount":21594,"weight":65.0}