{"activityLevel":0,"activityList":[{"activeTime":6905985,"calorie":363.62997,"distance":8722.0205,"type":1001},{"activeTime":5460810,"calorie":314.76465,"distance":6693.063,"type":-1}],"age":28,"gender":"M","height":170.0,"stepCount":20377,"weight":65.0}