{"activityLevel":180004,"activityList":[{"activeTime":7618880,"calorie":495.31995,"distance":9994.239,"type":1001},{"activeTime":144644,"calorie":8.497999,"distance":157.36734,"type":-1}],"age":30,"gender":"M","height":170.0,"stepCount":13260,"weight":65.0}