{"activityLevel":0,"activityList":[{"activeTime":6486745,"calorie":452.89996,"distance":8862.05,"type":1001},{"activeTime":3867370,"calorie":245.50548,"distance":5099.1533,"type":-1}],"age":29,"gender":"M","height":170.0,"stepCount":17686,"weight":65.0}