{"activityLevel":180004,"activityList":[{"activeTime":6218643,"calorie":423.18997,"distance":7877.63,"type":1001},{"activeTime":2544974,"calorie":159.78809,"distance":3006.6167,"type":-1}],"age":70,"gender":"M","height":170.0,"stepCount":14684,"weight":65.0}