{"activityLevel":180004,"activityList":[{"activeTime":6680762,"calorie":462.64996,"distance":9037.51,"type":1001},{"activeTime":1668079,"calorie":111.814644,"distance":2147.0032,"type":-1}],"age":30,"gender":"M","height":170.0,"stepCount":14417,"weight":65.0}