{"activityLevel":0,"activityList":[{"activeTime":5458154,"calorie":344.24997,"distance":7414.4595,"type":1001},{"activeTime":3264842,"calorie":219.57059,"distance":4275.5586,"type":-1}],"age":29,"gender":"M","height":170.0,"stepCount":14926,"weight":65.0}