{"activityLevel":0,"activityList":[{"activeTime":7149333,"calorie":368.72998,"distance":8847.98,"type":1001},{"activeTime":2207813,"calorie":119.31312,"distance":2562.9429,"type":-1}],"age":28,"gender":"M","height":170.0,"stepCount":15634,"weight":65.0}