{"activityLevel":180004,"activityList":[{"activeTime":7342435,"calorie":504.41998,"distance":9471.86,"type":1001},{"activeTime":810554,"calorie":54.007645,"distance":973.8333,"type":-1}],"age":31,"gender":"M","height":170.0,"stepCount":13719,"weight":65.0}