{"activityLevel":180004,"activityList":[{"activeTime":12350866,"calorie":847.55994,"distance":16365.458,"type":1001},{"activeTime":1123467,"calorie":72.50913,"distance":1372.7438,"type":-1}],"age":31,"gender":"M","height":170.0,"stepCount":22924,"weight":65.0}