{"activityLevel":0,"activityList":[{"activeTime":7910804,"calorie":445.49997,"distance":10615.23,"type":1001},{"activeTime":6136495,"calorie":393.60703,"distance":8438.071,"type":-1}],"age":28,"gender":"M","height":170.0,"stepCount":24282,"weight":65.0}