{"activityLevel":180004,"activityList":[{"activeTime":4762867,"calorie":322.53998,"distance":6005.9897,"type":1001},{"activeTime":2395455,"calorie":144.30884,"distance":2770.3154,"type":-1}],"age":70,"gender":"M","height":170.0,"stepCount":11768,"weight":65.0}