{"activityLevel":180004,"activityList":[{"activeTime":7188558,"calorie":487.7,"distance":9339.04,"type":1001},{"activeTime":716480,"calorie":47.133823,"distance":878.87854,"type":-1}],"age":30,"gender":"M","height":170.0,"stepCount":13406,"weight":65.0}