{"activityLevel":180004,"activityList":[{"activeTime":10446000,"calorie":595.36536,"distance":12626.19,"type":1001},{"activeTime":1050237,"calorie":64.021484,"distance":1246.2996,"type":-1}],"age":70,"gender":"M","height":170.0,"stepCount":18584,"weight":65.0}