{"activityLevel":180004,"activityList":[{"activeTime":7146297,"calorie":406.76996,"distance":10247.641,"type":1001},{"activeTime":1636376,"calorie":99.18816,"distance":1892.7378,"type":-1}],"age":31,"gender":"M","height":170.0,"stepCount":15600,"weight":65.0}