{"activityLevel":180004,"activityList":[{"activeTime":7380209,"calorie":506.83002,"distance":9622.97,"type":1001},{"activeTime":1854314,"calorie":102.277824,"distance":2403.3135,"type":-1}],"age":30,"gender":"M","height":170.0,"stepCount":15420,"weight":65.0}