{"activityLevel":180004,"activityList":[{"activeTime":4772077,"calorie":280.34998,"distance":6243.94,"type":1001},{"activeTime":3765406,"calorie":309.76886,"distance":6020.0527,"type":-1}],"age":30,"gender":"M","height":170.0,"stepCount":14159,"weight":65.0}