{"activityLevel":0,"activityList":[{"activeTime":4033015,"calorie":250.81998,"distance":5392.12,"type":1001},{"activeTime":2111586,"calorie":138.88431,"distance":2562.1306,"type":-1}],"age":29,"gender":"M","height":170.0,"stepCount":10372,"weight":65.0}