{"activityLevel":180004,"activityList":[{"activeTime":7417292,"calorie":437.53998,"distance":10238.811,"type":1001},{"activeTime":389136,"calorie":27.089664,"distance":471.123,"type":-1}],"age":31,"gender":"M","height":170.0,"stepCount":13941,"weight":65.0}