{"activityLevel":180004,"activityList":[{"activeTime":7097792,"calorie":481.58997,"distance":9410.06,"type":1001},{"activeTime":881083,"calorie":55.19047,"distance":1045.321,"type":-1}],"age":31,"gender":"M","height":170.0,"stepCount":13617,"weight":65.0}