{"activityLevel":0,"activityList":[{"activeTime":6686753,"calorie":453.66995,"distance":8741.47,"type":1001},{"activeTime":3860602,"calorie":246.06944,"distance":5154.7847,"type":-1}],"age":29,"gender":"M","height":170.0,"stepCount":17621,"weight":65.0}