{"activityLevel":180004,"activityList":[{"activeTime":6941415,"calorie":438.00998,"distance":9198.68,"type":1001},{"activeTime":748652,"calorie":48.002476,"distance":917.2985,"type":-1}],"age":30,"gender":"M","height":170.0,"stepCount":13256,"weight":65.0}