{"activityLevel":180004,"activityList":[{"activeTime":7860201,"calorie":591.20996,"distance":11140.811,"type":1001},{"activeTime":4837047,"calorie":410.80865,"distance":7584.9473,"type":-1}],"age":30,"gender":"M","height":170.0,"stepCount":21535,"weight":65.0}