{"activityLevel":180004,"activityList":[{"activeTime":6830234,"calorie":432.84003,"distance":9107.07,"type":1001},{"activeTime":3554669,"calorie":219.52385,"distance":4560.239,"type":-1}],"age":29,"gender":"M","height":170.0,"stepCount":17466,"weight":65.0}