{"activityLevel":180004,"activityList":[{"activeTime":7303214,"calorie":443.08002,"distance":9868.68,"type":1001},{"activeTime":371883,"calorie":24.131655,"distance":452.01633,"type":-1}],"age":30,"gender":"M","height":170.0,"stepCount":13374,"weight":65.0}