{"activityLevel":180004,"activityList":[{"activeTime":5998833,"calorie":383.18997,"distance":7911.9497,"type":1001},{"activeTime":2429705,"calorie":169.20862,"distance":3080.596,"type":-1}],"age":30,"gender":"M","height":170.0,"stepCount":14248,"weight":65.0}