{"activityLevel":0,"activityList":[{"activeTime":11684498,"calorie":692.01996,"distance":15877.93,"type":1001},{"activeTime":1507239,"calorie":89.10978,"distance":1863.8655,"type":-1}],"age":29,"gender":"M","height":170.0,"stepCount":22975,"weight":65.0}