{"activityLevel":0,"activityList":[{"activeTime":6527683,"calorie":445.29004,"distance":8644.45,"type":1001},{"activeTime":3187566,"calorie":203.55614,"distance":4118.394,"type":-1}],"age":29,"gender":"M","height":170.0,"stepCount":16379,"weight":65.0}