{"activityLevel":0,"activityList":[{"activeTime":7271589,"calorie":419.02997,"distance":9840.88,"type":1001},{"activeTime":3024651,"calorie":192.67482,"distance":3691.9363,"type":-1}],"age":29,"gender":"M","height":170.0,"stepCount":17663,"weight":65.0}