{"activityLevel":0,"activityList":[{"activeTime":5955631,"calorie":385.66998,"distance":7778.5,"type":1001},{"activeTime":2565762,"calorie":164.10393,"distance":3144.0042,"type":-1}],"age":29,"gender":"M","height":170.0,"stepCount":14209,"weight":65.0}