{"activityLevel":180004,"activityList":[{"activeTime":6789990,"calorie":451.50998,"distance":9558.38,"type":1001},{"activeTime":3757696,"calorie":337.66315,"distance":5961.743,"type":-1}],"age":30,"gender":"M","height":170.0,"stepCount":18266,"weight":65.0}