{"activityLevel":0,"activityList":[{"activeTime":4681024,"calorie":336.78998,"distance":6590.06,"type":1001},{"activeTime":3239048,"calorie":251.59048,"distance":4561.9297,"type":-1}],"age":28,"gender":"M","height":170.0,"stepCount":13472,"weight":65.0}