{"activityLevel":180004,"activityList":[{"activeTime":6686418,"calorie":427.17996,"distance":8901.38,"type":1001},{"activeTime":1304685,"calorie":86.307816,"distance":1634.5139,"type":-1}],"age":30,"gender":"M","height":170.0,"stepCount":13785,"weight":65.0}