{"activityLevel":180004,"activityList":[{"activeTime":7226950,"calorie":494.03998,"distance":9447.931,"type":1001},{"activeTime":3129342,"calorie":198.58801,"distance":3993.5667,"type":-1}],"age":29,"gender":"M","height":170.0,"stepCount":17260,"weight":65.0}