{"activityLevel":180004,"activityList":[{"activeTime":5626757,"calorie":333.63998,"distance":7719.1396,"type":1001},{"activeTime":4697965,"calorie":307.83322,"distance":6404.3447,"type":-1}],"age":30,"gender":"M","height":170.0,"stepCount":17581,"weight":65.0}