{"activityLevel":180004,"activityList":[{"activeTime":6683322,"calorie":462.99002,"distance":8792.28,"type":1001},{"activeTime":1313800,"calorie":87.95634,"distance":1618.9789,"type":-1}],"age":31,"gender":"M","height":170.0,"stepCount":13597,"weight":65.0}