{"activityLevel":180004,"activityList":[{"activeTime":7584285,"calorie":468.40997,"distance":10356.34,"type":1001},{"activeTime":706818,"calorie":42.376495,"distance":792.16364,"type":-1}],"age":31,"gender":"M","height":170.0,"stepCount":14332,"weight":65.0}