{"activityLevel":0,"activityList":[{"activeTime":3363343,"calorie":233.01999,"distance":4541.99,"type":1001},{"activeTime":2764628,"calorie":190.71733,"distance":3832.1677,"type":-1}],"age":29,"gender":"M","height":170.0,"stepCount":10321,"weight":65.0}