{"activityLevel":0,"activityList":[{"activeTime":6061728,"calorie":377.65002,"distance":8110.61,"type":1001},{"activeTime":2642788,"calorie":169.31326,"distance":3372.6907,"type":-1}],"age":29,"gender":"M","height":170.0,"stepCount":14693,"weight":65.0}