{"activityLevel":180004,"activityList":[{"activeTime":6713552,"calorie":434.08997,"distance":9035.73,"type":1001},{"activeTime":1560685,"calorie":100.76398,"distance":1974.7872,"type":-1}],"age":30,"gender":"M","height":170.0,"stepCount":14286,"weight":65.0}