{"activityLevel":0,"activityList":[{"activeTime":8560013,"calorie":604.91003,"distance":11634.069,"type":1001},{"activeTime":1889788,"calorie":123.23048,"distance":2428.053,"type":-1}],"age":29,"gender":"M","height":170.0,"stepCount":17629,"weight":65.0}