{"activityLevel":0,"activityList":[{"activeTime":6573297,"calorie":343.65994,"distance":8267.41,"type":1001},{"activeTime":1192993,"calorie":60.80383,"distance":1364.6467,"type":-1}],"age":28,"gender":"M","height":170.0,"stepCount":13289,"weight":65.0}