{"activityLevel":0,"activityList":[{"activeTime":7465172,"calorie":509.28995,"distance":9708.779,"type":1001},{"activeTime":2566432,"calorie":160.44997,"distance":3148.8633,"type":-1}],"age":29,"gender":"M","height":170.0,"stepCount":16725,"weight":65.0}