{"activityLevel":180004,"activityList":[{"activeTime":4977640,"calorie":336.68997,"distance":6379.24,"type":1001},{"activeTime":3843955,"calorie":249.23296,"distance":4879.615,"type":-1}],"age":30,"gender":"M","height":170.0,"stepCount":14698,"weight":65.0}