{"activityLevel":0,"activityList":[{"activeTime":5027972,"calorie":335.58002,"distance":6609.0303,"type":1001},{"activeTime":4654636,"calorie":299.64816,"distance":6044.472,"type":-1}],"age":29,"gender":"M","height":170.0,"stepCount":16124,"weight":65.0}