{"activityLevel":180004,"activityList":[{"activeTime":2281649,"calorie":151.56999,"distance":2865.32,"type":1001},{"activeTime":4506677,"calorie":289.62454,"distance":5640.6763,"type":-1}],"age":30,"gender":"M","height":170.0,"stepCount":11012,"weight":65.0}