{"activityLevel":180004,"activityList":[{"activeTime":6903494,"calorie":429.81998,"distance":9233.471,"type":1001},{"activeTime":4441115,"calorie":296.12738,"distance":6178.8667,"type":-1}],"age":30,"gender":"M","height":170.0,"stepCount":18966,"weight":65.0}