{"activityLevel":180004,"activityList":[{"activeTime":7020816,"calorie":440.64996,"distance":9123.68,"type":1001},{"activeTime":1930999,"calorie":124.54247,"distance":2293.1895,"type":-1}],"age":30,"gender":"M","height":170.0,"stepCount":15034,"weight":65.0}