{"activityLevel":180004,"activityList":[{"activeTime":4697483,"calorie":319.75998,"distance":6032.61,"type":1001},{"activeTime":6685575,"calorie":438.50485,"distance":8900.04,"type":-1}],"age":30,"gender":"M","height":170.0,"stepCount":18543,"weight":65.0}