{"activityLevel":0,"activityList":[{"activeTime":8422642,"calorie":462.23996,"distance":11052.14,"type":1001},{"activeTime":3340117,"calorie":209.35219,"distance":4483.931,"type":-1}],"age":28,"gender":"M","height":170.0,"stepCount":20196,"weight":65.0}