{"activityLevel":0,"activityList":[{"activeTime":6949827,"calorie":419.83997,"distance":9295.819,"type":1001},{"activeTime":777233,"calorie":46.601814,"distance":954.91327,"type":-1}],"age":29,"gender":"M","height":170.0,"stepCount":13289,"weight":65.0}