{"activityLevel":180004,"activityList":[{"activeTime":7512477,"calorie":505.15997,"distance":9569.47,"type":1001},{"activeTime":1855006,"calorie":116.54784,"distance":2212.2356,"type":-1}],"age":30,"gender":"M","height":170.0,"stepCount":15470,"weight":65.0}