{"activityLevel":0,"activityList":[{"activeTime":7060691,"calorie":376.58002,"distance":9017.78,"type":1001},{"activeTime":3426419,"calorie":217.45697,"distance":4617.191,"type":-1}],"age":28,"gender":"M","height":170.0,"stepCount":17902,"weight":65.0}