{"activityLevel":0,"activityList":[{"activeTime":7216276,"calorie":370.43997,"distance":8873.83,"type":1001},{"activeTime":2172837,"calorie":116.08732,"distance":2447.3723,"type":-1}],"age":28,"gender":"M","height":170.0,"stepCount":15583,"weight":65.0}