{"activityLevel":0,"activityList":[{"activeTime":11947753,"calorie":1009.0,"distance":45090.12,"type":11007},{"activeTime":1307469,"calorie":101.450005,"distance":1875.0599,"type":1001},{"activeTime":1317923,"calorie":86.13663,"distance":1657.2408,"type":-1}],"age":30,"gender":"M","height":170.0,"stepCount":8919,"weight":65.0}