{"activityLevel":0,"activityList":[{"activeTime":5039208,"calorie":331.0,"distance":17516.47,"type":11007},{"activeTime":836000,"calorie":46.07672,"distance":1028.8789,"type":1001},{"activeTime":1917352,"calorie":101.78392,"distance":2462.5427,"type":-1}],"age":67,"gender":"M","height":170.0,"stepCount":9009,"weight":54.5}