{"activityLevel":180003,"activityList":[{"activeTime":1151641,"calorie":77.909996,"distance":1478.33,"type":1001},{"activeTime":3323876,"calorie":222.29994,"distance":3925.6287,"type":-1}],"age":57,"gender":"M","height":175.0,"stepCount":7103,"weight":75.0}