{"activityLevel":180002,"activityList":[{"activeTime":703000,"calorie":36.586914,"distance":695.46094,"type":1001},{"activeTime":3903190,"calorie":241.85109,"distance":4534.823,"type":-1}],"age":59,"gender":"M","height":175.0,"stepCount":6878,"weight":74.0}