{"activityLevel":180003,"activityList":[{"activeTime":1080000,"calorie":74.407745,"distance":1286.9432,"type":1001},{"activeTime":5851041,"calorie":407.25998,"distance":7290.829,"type":-1}],"age":55,"gender":"M","height":175.0,"stepCount":11026,"weight":75.0}