{"activityLevel":0,"activityList":[{"activeTime":2500000,"calorie":123.09534,"distance":2646.754,"type":1001},{"activeTime":4302684,"calorie":242.35193,"distance":4941.8237,"type":-1}],"age":42,"gender":"M","height":170.0,"stepCount":10075,"weight":65.0}