{"activityLevel":180002,"activityList":[{"activeTime":2690750,"calorie":195.54001,"distance":3579.81,"type":1001},{"activeTime":3802949,"calorie":262.47742,"distance":4792.957,"type":-1}],"age":57,"gender":"M","height":175.0,"stepCount":10343,"weight":75.0}