{"activityLevel":180002,"activityList":[{"activeTime":723000,"calorie":61.03,"distance":0.0,"type":0},{"activeTime":4903000,"calorie":247.96704,"distance":4536.0884,"type":1001},{"activeTime":1000,"calorie":0.0,"distance":0.0,"type":11007},{"activeTime":5266839,"calorie":334.92035,"distance":6138.0596,"type":-1}],"age":58,"gender":"M","height":175.0,"stepCount":15187,"weight":75.0}