{"activityLevel":180002,"activityList":[{"activeTime":2275000,"calorie":129.25574,"distance":2459.5098,"type":1001},{"activeTime":5935847,"calorie":382.45224,"distance":6827.1265,"type":-1}],"age":59,"gender":"M","height":175.0,"stepCount":12571,"weight":75.0}