{"activityLevel":180002,"activityList":[{"activeTime":3480000,"calorie":188.20692,"distance":3429.3958,"type":1001},{"activeTime":7940144,"calorie":497.21085,"distance":9178.233,"type":-1}],"age":59,"gender":"M","height":175.0,"stepCount":16963,"weight":75.0}