{"activityLevel":0,"activityList":[{"activeTime":2856000,"calorie":172.33618,"distance":3733.498,"type":1001},{"activeTime":5727615,"calorie":348.13104,"distance":6714.4004,"type":-1}],"age":63,"gender":"M","height":170.0,"stepCount":13689,"weight":80.2}