{"activityLevel":0,"activityList":[{"activeTime":11114581,"calorie":1023.0,"distance":44727.5,"type":11007},{"activeTime":2701735,"calorie":184.45999,"distance":3539.87,"type":1001},{"activeTime":1216696,"calorie":76.00611,"distance":1436.2023,"type":-1}],"age":67,"gender":"M","height":170.0,"stepCount":10410,"weight":65.0}