{"activityLevel":0,"activityList":[{"activeTime":875189,"calorie":63.239998,"distance":1276.67,"type":1001},{"activeTime":6548717,"calorie":411.03656,"distance":7852.1177,"type":-1}],"age":67,"gender":"M","height":170.0,"stepCount":12376,"weight":54.5}