{"activityLevel":0,"activityList":[{"activeTime":1503019,"calorie":108.130005,"distance":2030.6799,"type":1001},{"activeTime":8781206,"calorie":561.77795,"distance":10739.024,"type":-1}],"age":30,"gender":"M","height":170.0,"stepCount":17178,"weight":65.0}