{"activityLevel":0,"activityList":[{"activeTime":3804699,"calorie":273.71002,"distance":5147.25,"type":1001},{"activeTime":6897904,"calorie":487.04947,"distance":9269.705,"type":-1}],"age":30,"gender":"M","height":170.0,"stepCount":18545,"weight":65.0}