{"activityLevel":0,"activityList":[{"activeTime":2050000,"calorie":111.00903,"distance":2465.7578,"type":1001},{"activeTime":9010491,"calorie":448.84048,"distance":10434.216,"type":-1}],"age":67,"gender":"M","height":170.0,"stepCount":17177,"weight":54.5}