{"activityLevel":0,"activityList":[{"activeTime":1300000,"calorie":70.256836,"distance":1562.0781,"type":1001},{"activeTime":2273000,"calorie":133.10335,"distance":1568.9918,"type":1002},{"activeTime":5809899,"calorie":293.45728,"distance":6664.6025,"type":-1}],"age":67,"gender":"M","height":170.0,"stepCount":14317,"weight":54.5}