{"step_scale_hash":170.0,"step_scale_factor":[0.916476,0.93039805,0.9410787,0.93667555,0.9345814,1.0,1.0,1.0,1.0,1.0,1.0,1.0,1.0,1.0,1.0,1.0,1.0,1.0,1.0,1.0]}