{"activityLevel":180004,"activityList":[{"activeTime":10280650,"calorie":619.94995,"distance":13852.209,"type":1001},{"activeTime":2317518,"calorie":146.04092,"distance":2941.074,"type":-1}],"age":30,"gender":"M","height":170.0,"stepCount":21940,"weight":65.0}