{"activityLevel":180004,"activityList":[{"activeTime":6323720,"calorie":383.37997,"distance":8175.04,"type":1001},{"activeTime":3750877,"calorie":240.55899,"distance":4470.3384,"type":-1}],"age":30,"gender":"M","height":170.0,"stepCount":16684,"weight":65.0}