{"activityLevel":180004,"activityList":[{"activeTime":7014809,"calorie":453.12997,"distance":9346.57,"type":1001},{"activeTime":3027742,"calorie":193.75992,"distance":3366.3687,"type":-1}],"age":30,"gender":"M","height":170.0,"stepCount":16860,"weight":65.0}