{"activityLevel":180004,"activityList":[{"activeTime":9103583,"calorie":601.39,"distance":12475.721,"type":1001},{"activeTime":786517,"calorie":51.73366,"distance":906.22797,"type":-1}],"age":31,"gender":"M","height":170.0,"stepCount":17294,"weight":65.0}