{"activityLevel":180004,"activityList":[{"activeTime":7262463,"calorie":502.66003,"distance":9698.79,"type":1001},{"activeTime":1131476,"calorie":83.97483,"distance":1683.8783,"type":-1}],"age":30,"gender":"M","height":170.0,"stepCount":14409,"weight":65.0}