{"activityLevel":0,"activityList":[{"activeTime":4860178,"calorie":251.23001,"distance":5983.39,"type":1001},{"activeTime":5308092,"calorie":271.75525,"distance":6149.017,"type":-1}],"age":28,"gender":"M","height":170.0,"stepCount":16667,"weight":65.0}