{"activityLevel":0,"activityList":[{"activeTime":7083824,"calorie":377.66998,"distance":9127.94,"type":1001},{"activeTime":2961025,"calorie":180.17181,"distance":3727.852,"type":-1}],"age":28,"gender":"M","height":170.0,"stepCount":17064,"weight":65.0}