{"activityLevel":180004,"activityList":[{"activeTime":7621488,"calorie":511.88998,"distance":9655.97,"type":1001},{"activeTime":1032276,"calorie":64.95515,"distance":1238.393,"type":-1}],"age":30,"gender":"M","height":170.0,"stepCount":14279,"weight":65.0}