{"activityLevel":180004,"activityList":[{"activeTime":7304828,"calorie":413.94998,"distance":9905.4,"type":1001},{"activeTime":1934867,"calorie":119.64566,"distance":2474.7017,"type":-1}],"age":31,"gender":"M","height":170.0,"stepCount":15955,"weight":65.0}