{"activityLevel":180004,"activityList":[{"activeTime":6633820,"calorie":418.93997,"distance":8724.56,"type":1001},{"activeTime":3979867,"calorie":230.69713,"distance":5126.4546,"type":-1}],"age":31,"gender":"M","height":170.0,"stepCount":17551,"weight":65.0}