{"activityLevel":180004,"activityList":[{"activeTime":7764208,"calorie":471.46997,"distance":10469.71,"type":1001},{"activeTime":1031152,"calorie":64.16334,"distance":1207.3792,"type":-1}],"age":30,"gender":"M","height":170.0,"stepCount":15137,"weight":65.0}