{"activityLevel":0,"activityList":[{"activeTime":2368000,"calorie":116.67553,"distance":2155.104,"type":1001},{"activeTime":3162530,"calorie":190.74063,"distance":3887.5684,"type":-1}],"age":67,"gender":"M","height":170.0,"stepCount":10224,"weight":54.5}