{"activityLevel":0,"activityList":[{"activeTime":1408000,"calorie":74.30411,"distance":1638.2649,"type":1001},{"activeTime":8115395,"calorie":421.15598,"distance":9743.097,"type":-1}],"age":67,"gender":"M","height":170.0,"stepCount":14962,"weight":54.5}