{"activityLevel":0,"activityList":[{"activeTime":5703000,"calorie":271.40918,"distance":6036.5234,"type":1001},{"activeTime":12000,"calorie":0.0557183,"distance":0.0,"type":1002},{"activeTime":2494599,"calorie":138.59793,"distance":3360.244,"type":-1}],"age":67,"gender":"M","height":170.0,"stepCount":13168,"weight":54.5}