{"activityLevel":0,"activityList":[{"activeTime":4185000,"calorie":202.79163,"distance":4476.0703,"type":1001},{"activeTime":8021451,"calorie":404.92917,"distance":9582.705,"type":-1}],"age":67,"gender":"M","height":170.0,"stepCount":19013,"weight":54.5}