{"activityLevel":0,"activityList":[{"activeTime":6886386,"calorie":485.0,"distance":24357.18,"type":11007},{"activeTime":1035000,"calorie":47.727295,"distance":1061.1309,"type":1001},{"activeTime":2786387,"calorie":147.34232,"distance":3582.661,"type":-1}],"age":67,"gender":"M","height":170.0,"stepCount":11273,"weight":54.5}