{"activityLevel":0,"activityList":[{"activeTime":9564109,"calorie":898.0,"distance":39644.32,"type":11007},{"activeTime":2719790,"calorie":157.88,"distance":3094.01,"type":1001},{"activeTime":141467,"calorie":8.275631,"distance":157.89163,"type":-1}],"age":67,"gender":"M","height":170.0,"stepCount":15602,"weight":65.0}