{"activityLevel":180004,"activityList":[{"activeTime":5784867,"calorie":324.83997,"distance":8018.059,"type":1001},{"activeTime":2593651,"calorie":169.28084,"distance":3597.4382,"type":-1}],"age":29,"gender":"M","height":170.0,"stepCount":14646,"weight":65.0}