{"activityLevel":0,"activityList":[{"activeTime":6644302,"calorie":338.47998,"distance":8154.2803,"type":1001},{"activeTime":7132906,"calorie":463.41653,"distance":9627.753,"type":-1}],"age":28,"gender":"M","height":170.0,"stepCount":22627,"weight":65.0}