{"activityLevel":0,"activityList":[{"activeTime":6934453,"calorie":368.24997,"distance":8773.601,"type":1001},{"activeTime":1861032,"calorie":114.15699,"distance":2409.5679,"type":-1}],"age":28,"gender":"M","height":170.0,"stepCount":15044,"weight":65.0}