{"activityLevel":180004,"activityList":[{"activeTime":6878595,"calorie":470.68994,"distance":9340.988,"type":1001},{"activeTime":3128484,"calorie":195.07863,"distance":3909.3025,"type":-1}],"age":30,"gender":"M","height":170.0,"stepCount":17023,"weight":65.0}