{"activityLevel":0,"activityList":[{"activeTime":4771286,"calorie":251.71999,"distance":6023.3804,"type":1001},{"activeTime":2501389,"calorie":151.21227,"distance":3138.1606,"type":-1}],"age":28,"gender":"M","height":170.0,"stepCount":12102,"weight":65.0}