{"activityLevel":180004,"activityList":[{"activeTime":5746972,"calorie":382.16998,"distance":7157.6904,"type":1001},{"activeTime":3689552,"calorie":226.07831,"distance":4217.495,"type":-1}],"age":70,"gender":"M","height":170.0,"stepCount":15198,"weight":65.0}