{"activityLevel":0,"activityList":[{"activeTime":6044311,"calorie":400.45996,"distance":7816.2695,"type":1001},{"activeTime":1021152,"calorie":64.86816,"distance":1206.4294,"type":-1}],"age":29,"gender":"M","height":170.0,"stepCount":11819,"weight":65.0}