{"activityLevel":180004,"activityList":[{"activeTime":7950141,"calorie":539.56995,"distance":10351.52,"type":1001},{"activeTime":2342430,"calorie":146.54985,"distance":2889.602,"type":-1}],"age":31,"gender":"M","height":170.0,"stepCount":17123,"weight":65.0}