{"activityLevel":180004,"activityList":[{"activeTime":7535317,"calorie":474.06998,"distance":9830.38,"type":1001},{"activeTime":1602028,"calorie":102.06717,"distance":2004.8771,"type":-1}],"age":31,"gender":"M","height":170.0,"stepCount":15414,"weight":65.0}