{"activityLevel":180004,"activityList":[{"activeTime":5199201,"calorie":346.20996,"distance":6720.74,"type":1001},{"activeTime":3188719,"calorie":211.22687,"distance":3945.5437,"type":-1}],"age":30,"gender":"M","height":170.0,"stepCount":14060,"weight":65.0}