{"activityLevel":180004,"activityList":[{"activeTime":7216363,"calorie":408.24997,"distance":9869.0,"type":1001},{"activeTime":413179,"calorie":25.4075,"distance":506.40775,"type":-1}],"age":30,"gender":"M","height":170.0,"stepCount":13437,"weight":65.0}