{"activityLevel":0,"activityList":[{"activeTime":4662327,"calorie":319.19998,"distance":6082.6807,"type":1001},{"activeTime":4855476,"calorie":310.10483,"distance":5998.2827,"type":-1}],"age":29,"gender":"M","height":170.0,"stepCount":15616,"weight":65.0}