{"activityLevel":0,"activityList":[{"activeTime":3326154,"calorie":159.01999,"distance":3793.1902,"type":1001},{"activeTime":9189767,"calorie":450.51508,"distance":10500.932,"type":-1}],"age":28,"gender":"M","height":170.0,"stepCount":19926,"weight":65.0}