{"activityLevel":0,"activityList":[{"activeTime":2698431,"calorie":143.76001,"distance":3474.17,"type":1001},{"activeTime":3715534,"calorie":190.26848,"distance":4310.2085,"type":-1}],"age":28,"gender":"M","height":170.0,"stepCount":10542,"weight":65.0}