{"activityLevel":180004,"activityList":[{"activeTime":7801553,"calorie":503.27002,"distance":10404.65,"type":1001},{"activeTime":1008585,"calorie":62.97333,"distance":1208.116,"type":-1}],"age":31,"gender":"M","height":170.0,"stepCount":15072,"weight":65.0}