{"activityLevel":180004,"activityList":[{"activeTime":7496710,"calorie":489.59003,"distance":10156.251,"type":1001},{"activeTime":4638634,"calorie":276.87064,"distance":5959.366,"type":-1}],"age":30,"gender":"M","height":170.0,"stepCount":20527,"weight":65.0}