{"activityLevel":180004,"activityList":[{"activeTime":7497163,"calorie":486.27997,"distance":10083.091,"type":1001},{"activeTime":2674637,"calorie":187.25195,"distance":3787.1067,"type":-1}],"age":30,"gender":"M","height":170.0,"stepCount":17383,"weight":65.0}