{"activityLevel":180004,"activityList":[{"activeTime":6624422,"calorie":465.44998,"distance":8885.471,"type":1001},{"activeTime":1047838,"calorie":68.08016,"distance":1303.2162,"type":-1}],"age":30,"gender":"M","height":170.0,"stepCount":13271,"weight":65.0}