{"activityLevel":180002,"activityList":[{"activeTime":3385928,"calorie":226.79999,"distance":4250.28,"type":1001},{"activeTime":5993489,"calorie":384.62347,"distance":6932.4863,"type":-1}],"age":59,"gender":"M","height":175.0,"stepCount":15106,"weight":75.0}