{"activityLevel":180002,"activityList":[{"activeTime":719000,"calorie":43.616577,"distance":842.1221,"type":1001},{"activeTime":6346899,"calorie":397.99612,"distance":7260.671,"type":-1}],"age":59,"gender":"M","height":175.0,"stepCount":10700,"weight":74.0}