{"activityLevel":180002,"activityList":[{"activeTime":744376,"calorie":55.559998,"distance":984.75,"type":1001},{"activeTime":3777094,"calorie":248.93835,"distance":4385.0835,"type":-1}],"age":59,"gender":"M","height":175.0,"stepCount":7254,"weight":75.0}