{"activityLevel":0,"activityList":[{"activeTime":2673000,"calorie":176.79553,"distance":4006.1328,"type":1001},{"activeTime":2702523,"calorie":129.74579,"distance":3275.0127,"type":-1}],"age":63,"gender":"M","height":170.0,"stepCount":9395,"weight":46.0}