{"activityLevel":0,"activityList":[{"activeTime":1652000,"calorie":81.364655,"distance":1788.6973,"type":1001},{"activeTime":2290013,"calorie":117.55587,"distance":2818.5283,"type":-1}],"age":63,"gender":"M","height":170.0,"stepCount":5909,"weight":46.0}