{"activityLevel":0,"activityList":[{"activeTime":2014000,"calorie":137.45944,"distance":0.0,"type":0},{"activeTime":1174000,"calorie":57.795647,"distance":1280.8961,"type":1001},{"activeTime":12000,"calorie":0.0557183,"distance":0.0,"type":1002},{"activeTime":3407278,"calorie":171.18936,"distance":4176.333,"type":-1}],"age":63,"gender":"M","height":170.0,"stepCount":7411,"weight":46.0}