{"activityLevel":0,"activityList":[{"activeTime":1887000,"calorie":110.55899,"distance":2447.6577,"type":1001},{"activeTime":2296393,"calorie":109.98397,"distance":2719.8293,"type":-1}],"age":63,"gender":"M","height":170.0,"stepCount":6684,"weight":46.0}