{"activityLevel":0,"activityList":[{"activeTime":1148000,"calorie":57.068604,"distance":1249.5625,"type":1001},{"activeTime":2348167,"calorie":127.18929,"distance":2860.6716,"type":-1}],"age":63,"gender":"M","height":170.0,"stepCount":5251,"weight":46.0}