{"activityLevel":0,"activityList":[{"activeTime":1839000,"calorie":108.52783,"distance":2403.3672,"type":1001},{"activeTime":2974052,"calorie":152.41832,"distance":3647.3176,"type":-1}],"age":63,"gender":"M","height":170.0,"stepCount":7775,"weight":46.0}