{"activityLevel":0,"activityList":[{"activeTime":2395000,"calorie":152.03271,"distance":3464.129,"type":1001},{"activeTime":1694445,"calorie":88.966644,"distance":2121.7788,"type":-1}],"age":63,"gender":"M","height":170.0,"stepCount":7136,"weight":46.0}