{"activityLevel":0,"activityList":[{"activeTime":3556000,"calorie":229.69305,"distance":5196.7554,"type":1001},{"activeTime":1678483,"calorie":90.012436,"distance":2078.43,"type":-1}],"age":63,"gender":"M","height":170.0,"stepCount":9345,"weight":46.0}