{"activityLevel":0,"activityList":[{"activeTime":11836333,"calorie":913.0,"distance":48309.17,"type":11007},{"activeTime":28000,"calorie":0.11143659,"distance":0.0,"type":1002},{"activeTime":3094000,"calorie":144.70752,"distance":3169.461,"type":1001},{"activeTime":466063,"calorie":26.314486,"distance":568.17065,"type":-1}],"age":67,"gender":"M","height":170.0,"stepCount":8179,"weight":54.5}