{"activityLevel":0,"activityList":[{"activeTime":5065501,"calorie":297.84998,"distance":6635.2,"type":1001},{"activeTime":5589731,"calorie":347.36636,"distance":7029.9497,"type":-1}],"age":67,"gender":"M","height":170.0,"stepCount":17944,"weight":65.0}