{"activityLevel":0,"activityList":[{"activeTime":3400183,"calorie":246.90999,"distance":4629.26,"type":1001},{"activeTime":2672801,"calorie":175.40204,"distance":3303.408,"type":-1}],"age":30,"gender":"M","height":170.0,"stepCount":10441,"weight":65.0}