{"activityLevel":0,"activityList":[{"activeTime":3086332,"calorie":178.64209,"distance":3704.5547,"type":1001},{"activeTime":7631645,"calorie":390.16437,"distance":9368.439,"type":-1}],"age":67,"gender":"M","height":170.0,"stepCount":17413,"weight":54.5}