{"activityLevel":0,"activityList":[{"activeTime":7268890,"calorie":537.0,"distance":27036.07,"type":11007},{"activeTime":576000,"calorie":6.0615683,"distance":239.74805,"type":1001},{"activeTime":931454,"calorie":49.190296,"distance":1148.7087,"type":-1}],"age":67,"gender":"M","height":170.0,"stepCount":8312,"weight":54.5}