{"activityLevel":0,"activityList":[{"activeTime":3141000,"calorie":251.86,"distance":0.0,"type":0},{"activeTime":3360000,"calorie":0.40589598,"distance":18.968645,"type":11007},{"activeTime":6516311,"calorie":335.40546,"distance":8087.6753,"type":-1}],"age":67,"gender":"M","height":170.0,"stepCount":11191,"weight":54.5}