{"activityLevel":0,"activityList":[{"activeTime":1315000,"calorie":70.75073,"distance":1555.0508,"type":1001},{"activeTime":6567709,"calorie":344.09503,"distance":7865.3013,"type":-1}],"age":67,"gender":"M","height":170.0,"stepCount":12590,"weight":54.5}