{"activityLevel":180002,"activityList":[{"activeTime":1059000,"calorie":54.339237,"distance":1055.6573,"type":1001},{"activeTime":7709482,"calorie":481.00098,"distance":8648.274,"type":-1}],"age":59,"gender":"M","height":175.0,"stepCount":13083,"weight":74.0}