{"activityLevel":180002,"activityList":[{"activeTime":260000,"calorie":0.62762624,"distance":81.94116,"type":1001},{"activeTime":3320332,"calorie":215.47884,"distance":3944.1492,"type":-1}],"age":59,"gender":"M","height":175.0,"stepCount":5437,"weight":74.0}