{"activityLevel":180002,"activityList":[{"activeTime":698871,"calorie":49.5,"distance":979.83997,"type":1001},{"activeTime":3300348,"calorie":239.97032,"distance":4467.954,"type":-1}],"age":57,"gender":"M","height":175.0,"stepCount":6596,"weight":75.0}