{"activityLevel":0,"activityList":[{"activeTime":3159000,"calorie":197.15466,"distance":4423.875,"type":1001},{"activeTime":1714941,"calorie":87.234184,"distance":2118.635,"type":-1}],"age":63,"gender":"M","height":170.0,"stepCount":8487,"weight":46.0}