{"activityLevel":180002,"activityList":[{"activeTime":3344605,"calorie":225.29994,"distance":4291.21,"type":1001},{"activeTime":3169761,"calorie":213.77457,"distance":3950.4063,"type":-1}],"age":57,"gender":"M","height":175.0,"stepCount":10551,"weight":75.0}