{"activityLevel":0,"activityList":[{"activeTime":2107000,"calorie":96.240845,"distance":2326.8276,"type":1001},{"activeTime":12000,"calorie":0.053392433,"distance":0.0,"type":1002},{"activeTime":3210804,"calorie":221.62224,"distance":4321.933,"type":-1}],"age":64,"gender":"M","height":170.0,"stepCount":8955,"weight":65.0}