{"activityLevel":0,"activityList":[{"activeTime":1004000,"calorie":48.128296,"distance":1058.1035,"type":1001},{"activeTime":6600988,"calorie":441.50955,"distance":8660.69,"type":-1}],"age":64,"gender":"M","height":170.0,"stepCount":12497,"weight":65.0}