{"activityLevel":0,"activityList":[{"activeTime":1821000,"calorie":82.39819,"distance":1785.5342,"type":1001},{"activeTime":3029675,"calorie":198.63812,"distance":3983.3572,"type":-1}],"age":64,"gender":"M","height":170.0,"stepCount":7567,"weight":65.0}