{"activityLevel":0,"activityList":[{"activeTime":2536000,"calorie":94.52771,"distance":1990.7578,"type":1001},{"activeTime":2225018,"calorie":165.48904,"distance":3227.5598,"type":-1}],"age":64,"gender":"M","height":170.0,"stepCount":7909,"weight":65.0}