{"activityLevel":0,"activityList":[{"activeTime":1833000,"calorie":83.38563,"distance":1831.4397,"type":1001},{"activeTime":2326461,"calorie":167.28311,"distance":3161.2065,"type":-1}],"age":64,"gender":"M","height":170.0,"stepCount":6430,"weight":65.0}